OBJECTID,DruhNehody,HlavniPricina,Zavineni,Datum,Den,DenNoc,Alkohol,Usmrceno,Tezce,Lehce,StavPovrchu,Pocasi,SpecifikaceMista,DruhVozidla,Smyk,Skoda,X,Y,x,y
1569,"Srážka s vozidlem zaparkovaným, odstaveným",Nesprávný způsob jízdy,Řidičem motorového vozidla,2/19/2018,Pondělí,Noc,Nezjišťováno,0,0,0,"Suchý, neznečištěný",Neztížené,Přechod pro chodce nebo v jeho blízkosti,"Nezjištěno, řidič ujel",Ne,0,16.6635417030001,49.2064647890001,1854976.9771904475,6309967.0378006175
1571,Srážka s jedoucím nekolejovým vozidlem,Nedání přednosti v jizdě,Řidičem motorového vozidla,2/20/2018,Úterý,Den,Ne,0,0,0,"Suchý, neznečištěný",Neztížené,Žádné,Osobní automobil,Ne,20000,16.560270073,49.216114573,1843480.8319254504,6311611.391118668
1572,Srážka s jedoucím nekolejovým vozidlem,Nedání přednosti v jizdě,Řidičem motorového vozidla,2/20/2018,Úterý,Den,Ne,0,0,0,"Suchý, neznečištěný",Neztížené,Přechod pro chodce nebo v jeho blízkosti,Osobní automobil,Ne,180000,16.6464836800001,49.195768119,1853078.0867561472,6308144.666822301
1573,"Srážka s vozidlem zaparkovaným, odstaveným",Nesprávný způsob jízdy,Řidičem motorového vozidla,2/20/2018,Úterý,Den,Nezjišťováno,0,0,0,"Suchý, neznečištěný",Neztížené,Žádné,Nákladní automobil,Ne,10000,16.5942346850001,49.2204743390001,1847261.755238285,6312354.414138548
1576,Srážka s pevnou překážkou,Nesprávný způsob jízdy,Řidičem motorového vozidla,2/20/2018,Úterý,Noc,Nezjišťováno,0,0,0,Mokrý,Neztížené,Žádné,"Nezjištěno, řidič ujel",Ne,0,16.617081791,49.226258053,1849805.0834443017,6313340.217893271
1577,"Srážka s vozidlem zaparkovaným, odstaveným",Nesprávný způsob jízdy,Řidičem motorového vozidla,2/20/2018,Úterý,Noc,Nezjišťováno,0,0,0,"Suchý, neznečištěný",Neztížené,Žádné,"Nezjištěno, řidič ujel",Ne,0,16.622524679,49.2003463500001,1850410.9829649073,6308924.602933889
1579,"Srážka s vozidlem zaparkovaným, odstaveným",Nesprávný způsob jízdy,Řidičem motorového vozidla,2/20/2018,Úterý,Noc,Nezjišťováno,0,0,0,"Suchý, neznečištěný",Neztížené,Žádné,"Nezjištěno, řidič ujel",Ne,0,16.6218516820001,49.1939350230001,1850336.065281564,6307832.405359374
1581,"Srážka s vozidlem zaparkovaným, odstaveným",Nesprávný způsob jízdy,Řidičem motorového vozidla,2/20/2018,Úterý,Noc,Nezjišťováno,0,0,0,"Suchý, neznečištěný",Neztížené,Přechod pro chodce nebo v jeho blízkosti,"Nezjištěno, řidič ujel",Ne,0,16.695064673,49.2068666810001,1858486.0981591356,6310035.515047101
1582,Srážka s chodcem,Nezaviněná řidičem,Chodcem,2/21/2018,Středa,Den,Ne,0,0,1,"Suchý, neznečištěný",Neztížené,Přechod pro chodce nebo v jeho blízkosti,Tramvaj,Ne,0,16.6417136790001,49.194386045,1852547.0926737438,6307909.234299072
1585,Srážka s pevnou překážkou,Nesprávný způsob jízdy,Řidičem motorového vozidla,2/22/2018,Čtvrtek,Den,Nezjišťováno,0,0,0,"Suchý, neznečištěný",Neztížené,Přechod pro chodce nebo v jeho blízkosti,Osobní automobil,Ne,0,16.6008796850001,49.190995867,1848001.4732546057,6307331.754611624
1586,"Srážka s vozidlem zaparkovaným, odstaveným",Nesprávný způsob jízdy,Řidičem motorového vozidla,2/22/2018,Čtvrtek,Noc,Nezjišťováno,0,0,0,"Suchý, neznečištěný",Neztížené,Žádné,"Nezjištěno, řidič ujel",Ne,0,16.6017746850001,49.2015814120001,1848101.104198867,6309135.017407694
1587,Srážka s jedoucím nekolejovým vozidlem,Nesprávný způsob jízdy,Řidičem motorového vozidla,2/22/2018,Čtvrtek,Den,Ne,0,0,0,"Suchý, neznečištěný",Neztížené,Přechod pro chodce nebo v jeho blízkosti,Osobní automobil,Ne,120000,16.5970246850001,49.220477343,1847572.3366175988,6312354.926124657
1588,Srážka s jedoucím nekolejovým vozidlem,Nesprávný způsob jízdy,Řidičem motorového vozidla,2/22/2018,Čtvrtek,Den,Ne,0,0,1,"Suchý, neznečištěný",Neztížené,Žádné,Osobní automobil,Ne,20000,16.60081868,49.2241145130001,1847994.6822090673,6312974.849271661
1589,Srážka s chodcem,Nedání přednosti v jizdě,Řidičem motorového vozidla,2/23/2018,Pátek,Den,Ne,0,0,1,"Suchý, neznečištěný",Neztížené,Přechod pro chodce nebo v jeho blízkosti,Osobní automobil,Ne,5000,16.6665496860001,49.2035545150001,1855311.8243263194,6309471.181014333
1590,Srážka s jedoucím nekolejovým vozidlem,Nesprávný způsob jízdy,Řidičem motorového vozidla,2/23/2018,Pátek,Den,Nezjišťováno,0,0,0,"Suchý, neznečištěný",Neztížené,Přechod pro chodce nebo v jeho blízkosti,Osobní automobil,Ne,0,16.5957316870001,49.1914628930001,1847428.4007386428,6307411.305024734
1591,"Srážka s vozidlem zaparkovaným, odstaveným",Nesprávný způsob jízdy,Řidičem motorového vozidla,2/23/2018,Pátek,Noc,Nezjišťováno,0,0,0,"Suchý, neznečištěný",Neztížené,Žádné,"Nezjištěno, řidič ujel",Ne,0,16.629931684,49.2153000910001,1851235.526989811,6311472.588440058
1596,Srážka s chodcem,Nedání přednosti v jizdě,Řidičem motorového vozidla,2/24/2018,Sobota,Den,Ne,0,0,1,"Suchý, neznečištěný",Neztížené,Přechod pro chodce nebo v jeho blízkosti,Osobní automobil,Ne,0,16.60541369,49.199121285,1848506.1963824576,6308715.896815367
1598,Havárie,Nepřiměřená rychlost jízdy,Řidičem motorového vozidla,2/25/2018,Neděle,Den,Ne,0,1,0,"Suchý, znečištěný (písek, prach, štěrk, atd.)",Neztížené,Přechod pro chodce nebo v jeho blízkosti,Motocykl,Ne,15000,16.5941391010001,49.2120824260001,1847251.1148760763,6310924.261643788
1603,Srážka s pevnou překážkou,Nesprávný způsob jízdy,Řidičem motorového vozidla,2/26/2018,Pondělí,Den,Ne,0,0,0,"Suchý, neznečištěný",Neztížené,Přechod pro chodce nebo v jeho blízkosti,Osobní automobil,Ne,5000,16.6115226860001,49.1906968480001,1849186.2467064385,6307280.821899505
1604,Havárie,Nesprávný způsob jízdy,Řidičem motorového vozidla,2/26/2018,Pondělí,Den,Ne,0,0,0,"Suchý, neznečištěný",Neztížené,Žádné,Nákladní automobil,Ne,0,16.535873683,49.190342828,1840765.038213457,6307220.521116806
1605,Srážka s chodcem,Nedání přednosti v jizdě,Řidičem motorového vozidla,2/26/2018,Pondělí,Den,Ne,0,0,1,"Suchý, neznečištěný",Neztížené,Přechod pro chodce nebo v jeho blízkosti,Osobní automobil,Ne,1000,16.574755683,49.218086224,1845093.3626544813,6311947.406099165
1606,Srážka s jedoucím nekolejovým vozidlem,Nedání přednosti v jizdě,Řidičem motorového vozidla,2/26/2018,Pondělí,Den,Ne,0,0,0,"Suchý, neznečištěný",Neztížené,Přechod pro chodce nebo v jeho blízkosti,Osobní automobil,Ne,200000,16.6503226880001,49.1953390940001,1853505.4431718583,6308071.582883723
1608,"Srážka s vozidlem zaparkovaným, odstaveným",Nesprávný způsob jízdy,Řidičem motorového vozidla,2/27/2018,Úterý,Noc,Nezjišťováno,0,0,0,"Suchý, neznečištěný",Neztížené,Zastávka MHD,"Nezjištěno, řidič ujel",Ne,0,16.612645678,49.20079537,1849311.257604041,6309001.100758435
1609,Srážka s jedoucím nekolejovým vozidlem,Nedání přednosti v jizdě,Řidičem motorového vozidla,2/27/2018,Úterý,Den,Ne,0,0,0,"Suchý, neznečištěný",Neztížené,Přechod pro chodce nebo v jeho blízkosti,Osobní automobil,Ne,150000,16.58285068,49.2134220020001,1845994.4935984944,6311152.5363284135
1610,"Srážka s vozidlem zaparkovaným, odstaveným",Nesprávný způsob jízdy,Řidičem motorového vozidla,2/27/2018,Úterý,Noc,Nezjišťováno,0,0,0,"Suchý, neznečištěný",Neztížené,Žádné,"Nezjištěno, řidič ujel",Ne,0,16.598223681,49.2120309310001,1847705.8082417788,6310915.486598931
1611,Srážka s jedoucím nekolejovým vozidlem,Nesprávný způsob jízdy,Řidičem motorového vozidla,2/28/2018,Středa,Noc,Pod vlivem alkoholu,0,0,0,"Suchý, neznečištěný",Neztížené,Výjezd z parkoviště,Osobní automobil,Ne,5000,16.6272336860001,49.199262295,1850935.1872262927,6308739.919481296
1617,Srážka s pevnou překážkou,Nesprávný způsob jízdy,Řidičem motorového vozidla,3/1/2018,Čtvrtek,Den,Ne,0,0,0,"Suchý, neznečištěný",Neztížené,Přechod pro chodce nebo v jeho blízkosti,Osobní automobil,Ne,500,16.6045786870001,49.194576053,1848413.244273691,6307941.601251818
1619,Srážka s jedoucím nekolejovým vozidlem,Nesprávný způsob jízdy,Řidičem motorového vozidla,3/1/2018,Čtvrtek,Den,Nezjišťováno,0,0,0,"Suchý, neznečištěný",Neztížené,Přechod pro chodce nebo v jeho blízkosti,"Nezjištěno, řidič ujel",Ne,0,16.59978769,49.2045955630001,1847879.9129272539,6309648.552958963
1623,Srážka s chodcem,Nesprávný způsob jízdy,Řidičem motorového vozidla,3/2/2018,Pátek,Den,Ne,0,1,0,"Suchý, neznečištěný",Neztížené,Žádné,Nákladní automobil,Ne,0,16.6121226870001,49.1950860760001,1849253.0385122348,6308028.48184185
1624,Srážka s pevnou překážkou,Nesprávný způsob jízdy,Řidičem motorového vozidla,2/25/2018,Neděle,Noc,Nezjišťováno,0,0,0,Jiné,Neztížené,Přechod pro chodce nebo v jeho blízkosti,"Nezjištěno, řidič ujel",Ne,0,16.6800856840001,49.2110208870001,1856818.6447310592,6310743.371126504
1628,Srážka s pevnou překážkou,Nedání přednosti v jizdě,Řidičem motorového vozidla,3/2/2018,Pátek,Den,Ne,0,0,0,Mokrý,Neztížené,Přechod pro chodce nebo v jeho blízkosti,Nákladní automobil,Ne,0,16.603917688,49.207622717,1848339.662201591,6310164.335401168
1631,"Srážka s vozidlem zaparkovaným, odstaveným",Nesprávný způsob jízdy,Řidičem motorového vozidla,3/2/2018,Pátek,Den,Ne,0,0,0,"Suchý, neznečištěný",Neztížené,Žádné,Osobní automobil,Ne,20000,16.610624683,49.203781528,1849086.281469744,6309509.85877543
1633,Srážka s jedoucím nekolejovým vozidlem,Nesprávný způsob jízdy,Řidičem motorového vozidla,3/2/2018,Pátek,Den,Nezjišťováno,0,0,0,"Suchý, neznečištěný",Neztížené,Žádné,"Nezjištěno, řidič ujel",Ne,0,16.6048876780001,49.207906731,1848447.6409944703,6310212.7288227035
1634,Srážka s pevnou překážkou,Nesprávný způsob jízdy,Řidičem motorového vozidla,3/2/2018,Pátek,Noc,Ne,0,0,0,"Suchý, neznečištěný",Neztížené,Přechod pro chodce nebo v jeho blízkosti,Osobní automobil,Ne,10000,16.610726679,49.190454833,1849097.6356125283,6307239.599057729
1635,Havárie,Nepřiměřená rychlost jízdy,Řidičem motorového vozidla,3/3/2018,Sobota,Noc,Nezjišťováno,0,0,0,"Suchý, neznečištěný",Neztížené,Žádné,Osobní automobil,Ano,50000,16.61498268,49.215551104,1849571.4114766628,6311515.365417545
1636,"Srážka s vozidlem zaparkovaným, odstaveným",Nesprávný způsob jízdy,Řidičem motorového vozidla,3/3/2018,Sobota,Den,Nezjišťováno,0,0,0,"Suchý, neznečištěný",Neztížené,Přechod pro chodce nebo v jeho blízkosti,Osobní automobil,Ne,10000,16.6055116850001,49.2033285040001,1848517.1051359617,6309432.674147225
1637,"Srážka s vozidlem zaparkovaným, odstaveným",Nesprávný způsob jízdy,Řidičem motorového vozidla,3/3/2018,Sobota,Noc,Nezjišťováno,0,0,0,"Suchý, neznečištěný",Neztížené,Přechod pro chodce nebo v jeho blízkosti,"Nezjištěno, řidič ujel",Ne,0,16.6075396800001,49.2121319350001,1848742.860506692,6310932.698271419
1639,"Srážka s vozidlem zaparkovaným, odstaveným",Nesprávný způsob jízdy,Řidičem motorového vozidla,3/3/2018,Sobota,Noc,Nezjišťováno,0,0,0,"Suchý, neznečištěný",Neztížené,Přechod pro chodce nebo v jeho blízkosti,"Nezjištěno, řidič ujel",Ne,0,16.595954686,49.20683468,1847453.2248737654,6310030.0624664
1641,"Srážka s vozidlem zaparkovaným, odstaveným",Nesprávný způsob jízdy,Řidičem motorového vozidla,2/27/2018,Úterý,Noc,Nezjišťováno,0,0,0,"Suchý, neznečištěný",Neztížené,Přechod pro chodce nebo v jeho blízkosti,"Nezjištěno, řidič ujel",Ne,0,16.580251682,49.21195893,1845705.174464562,6310903.217228775
1643,Srážka s jedoucím nekolejovým vozidlem,Nedání přednosti v jizdě,Řidičem motorového vozidla,3/4/2018,Neděle,Den,Ne,0,0,0,"Suchý, neznečištěný",Neztížené,Žádné,Osobní automobil,Ne,50000,16.617051938,49.2089276990001,1849801.7602235433,6310386.694848502
1647,Srážka s jedoucím nekolejovým vozidlem,Nedání přednosti v jizdě,Řidičem motorového vozidla,3/5/2018,Pondělí,Den,Ne,0,0,0,"Suchý, neznečištěný",Neztížené,Přechod pro chodce nebo v jeho blízkosti,Osobní automobil,Ne,150000,16.645183688,49.199364297,1852933.372308667,6308757.296731068
1649,"Srážka s vozidlem zaparkovaným, odstaveným",Nesprávný způsob jízdy,Řidičem motorového vozidla,3/5/2018,Pondělí,Noc,Nezjišťováno,0,0,0,Mokrý,Slabý déšť,Žádné,"Nezjištěno, řidič ujel",Ne,0,16.600351678,49.2107248720001,1847942.6957842289,6310692.929671903
1652,"Srážka s vozidlem zaparkovaným, odstaveným",Nesprávný způsob jízdy,Řidičem motorového vozidla,3/5/2018,Pondělí,Noc,Nezjišťováno,0,0,0,Mokrý,Neztížené,Žádné,Osobní automobil,Ne,5000,16.6105106860001,49.2047355730001,1849073.5913817554,6309672.40790373
1656,Srážka s jedoucím nekolejovým vozidlem,Nedání přednosti v jizdě,Řidičem motorového vozidla,3/7/2018,Středa,Den,Ne,0,0,0,"Suchý, neznečištěný",Neztížené,Zastávka MHD,Osobní automobil,Ne,150000,16.6295796790001,49.2235724880001,1851196.3419724582,6312882.463057458
1657,Srážka s jedoucím nekolejovým vozidlem,Nesprávný způsob jízdy,Řidičem motorového vozidla,3/7/2018,Středa,Den,Ne,0,0,1,"Suchý, neznečištěný",Neztížené,Přechod pro chodce nebo v jeho blízkosti,Nákladní automobil,Ne,50000,16.611634678,49.2069296810001,1849198.7135988483,6310046.249490211
1660,Srážka s jedoucím nekolejovým vozidlem,Nedání přednosti v jizdě,Řidičem motorového vozidla,3/7/2018,Středa,Noc,Ne,0,0,0,"Suchý, neznečištěný",Neztížené,Přechod pro chodce nebo v jeho blízkosti,Osobní automobil,Ne,60000,16.6059266840001,49.1991352910001,1848563.3026133198,6308718.282894562
1662,Srážka s chodcem,Nesprávný způsob jízdy,Řidičem motorového vozidla,3/8/2018,Čtvrtek,Den,Ne,0,1,0,"Suchý, neznečištěný",Neztížené,Žádné,Osobní automobil,Ne,1000,16.603452684,49.2038295260001,1848287.8981930967,6309518.036546486
1663,"Srážka s vozidlem zaparkovaným, odstaveným",Nesprávný způsob jízdy,Řidičem motorového vozidla,3/8/2018,Čtvrtek,Noc,Nezjišťováno,0,0,0,"Suchý, neznečištěný",Neztížené,Žádné,"Nezjištěno, řidič ujel",Ne,0,16.614469682,49.2045625600001,1849514.3048005274,6309642.929908005
1664,Srážka s pevnou překážkou,Nesprávný způsob jízdy,Řidičem motorového vozidla,3/8/2018,Čtvrtek,Noc,Ne,0,0,0,"Suchý, neznečištěný",Neztížené,Žádné,Osobní automobil,Ne,0,16.5700796880001,49.219488294,1844572.833272134,6312186.359444845
1665,"Srážka s vozidlem zaparkovaným, odstaveným",Nesprávný způsob jízdy,Řidičem motorového vozidla,3/9/2018,Pátek,Noc,Nezjišťováno,0,0,0,"Suchý, neznečištěný",Neztížené,Žádné,"Nezjištěno, řidič ujel",Ne,0,16.62252668,49.206000638,1850411.2057152067,6309887.953110989
1668,"Srážka s vozidlem zaparkovaným, odstaveným",Nesprávný způsob jízdy,Řidičem motorového vozidla,3/9/2018,Pátek,Noc,Nezjišťováno,0,0,0,"Suchý, neznečištěný",Neztížené,Přechod pro chodce nebo v jeho blízkosti,"Nezjištěno, řidič ujel",Ne,0,16.5494846870001,49.2212643820001,1842280.2082479268,6312489.066025782
1670,Srážka s pevnou překážkou,Nesprávný způsob jízdy,Řidičem motorového vozidla,3/9/2018,Pátek,Den,Nezjišťováno,0,0,0,"Suchý, neznečištěný",Neztížené,Žádné,Nákladní automobil,Ne,5000,16.642645686,49.210698871,1852650.8432183953,6310688.499072132
1671,Srážka s lesní zvěří,Nezaviněná řidičem,"Lesní zvěří, domácim zvířetem",3/9/2018,Pátek,Den,Nezjišťováno,0,0,0,"Suchý, neznečištěný",Neztížené,Žádné,Osobní automobil,Ne,40000,16.6532436840001,49.210137843,1853830.6069591874,6310592.899834873
1672,Srážka s jedoucím nekolejovým vozidlem,Nedání přednosti v jizdě,Řidičem motorového vozidla,3/10/2018,Sobota,Noc,Pod vlivem alkoholu,0,0,4,"Suchý, neznečištěný",Neztížené,Přechod pro chodce nebo v jeho blízkosti,Osobní automobil,Ne,30000,16.5997716810001,49.215450097,1847878.1308135283,6311498.152043249
1675,Srážka s pevnou překážkou,Nesprávný způsob jízdy,Řidičem motorového vozidla,3/10/2018,Sobota,Noc,Ne,0,0,0,"Suchý, neznečištěný",Neztížené,"Most, nadjezd, podjezd, tunel",Nákladní automobil,Ne,80000,16.618455689,49.193687009,1849958.0250700638,6307790.157934598
1676,"Srážka s vozidlem zaparkovaným, odstaveným",Nesprávný způsob jízdy,Řidičem motorového vozidla,3/9/2018,Pátek,Den,Nezjišťováno,0,0,0,"Suchý, neznečištěný",Neztížené,Přechod pro chodce nebo v jeho blízkosti,Osobní automobil,Ne,0,16.621841687,49.1936910100001,1850334.9526432506,6307790.839474878
1677,"Srážka s vozidlem zaparkovaným, odstaveným",Nesprávný způsob jízdy,Řidičem motorového vozidla,3/10/2018,Sobota,Den,Nezjišťováno,0,0,0,"Suchý, neznečištěný",Neztížené,Přechod pro chodce nebo v jeho blízkosti,Osobní automobil,Ne,0,16.606307363,49.2030935390001,1848605.6796057543,6309392.64191933
1678,"Srážka s vozidlem zaparkovaným, odstaveným",Nesprávný způsob jízdy,Řidičem motorového vozidla,3/11/2018,Neděle,Den,Pod vlivem alkoholu,0,0,0,"Suchý, neznečištěný",Neztížené,Žádné,Osobní automobil,Ne,90000,16.622667676,49.218902267,1850426.9013181336,6312086.482642424
1679,Srážka s lesní zvěří,Nezaviněná řidičem,"Lesní zvěří, domácim zvířetem",3/11/2018,Neděle,Den,Nezjišťováno,0,0,0,"Suchý, neznečištěný",Neztížené,Žádné,Osobní automobil,Ne,40000,16.6658176830001,49.2054856060001,1855230.3381251006,6309800.19989584
1680,Srážka s jedoucím nekolejovým vozidlem,Nesprávný způsob jízdy,Řidičem motorového vozidla,3/12/2018,Pondělí,Noc,Nezjišťováno,0,0,0,Mokrý,Neztížené,Žádné,"Nezjištěno, řidič ujel",Ne,0,16.577282683,49.2146720590001,1845374.6670077143,6311365.561824519
1681,Srážka s jedoucím nekolejovým vozidlem,Nedání přednosti v jizdě,Řidičem motorového vozidla,3/12/2018,Pondělí,Den,Ne,0,1,0,Mokrý,Neztížené,Přechod pro chodce nebo v jeho blízkosti,Osobní automobil,Ne,60000,16.5956606890001,49.1915488940001,1847420.4972774338,6307425.954002129
1682,Srážka s pevnou překážkou,Nepřiměřená rychlost jízdy,Řidičem motorového vozidla,3/12/2018,Pondělí,Den,Ne,0,0,0,Mokrý,Slabý déšť,Žádné,Osobní automobil,Ne,110000,16.605924095,49.190361442,1848563.0144071563,6307223.691657915
1683,Srážka s jedoucím nekolejovým vozidlem,Nedání přednosti v jizdě,Řidičem motorového vozidla,3/12/2018,Pondělí,Den,Ne,0,0,0,Mokrý,Déšť,"Most, nadjezd, podjezd, tunel",Osobní automobil,Ne,1000,16.6330976840001,49.1974932030001,1851587.9644976652,6308438.539390208
1684,Srážka s jedoucím nekolejovým vozidlem,Nesprávný způsob jízdy,Řidičem motorového vozidla,3/13/2018,Úterý,Den,Ne,0,0,1,"Suchý, neznečištěný",Neztížené,Žádné,Osobní automobil,Ne,40000,16.621740415,49.2236233830001,1850323.6790957795,6312891.137884277
1685,Srážka s pevnou překážkou,Nesprávný způsob jízdy,Řidičem motorového vozidla,3/13/2018,Úterý,Noc,Nezjišťováno,0,0,0,"Suchý, neznečištěný",Neztížené,Žádné,"Nezjištěno, řidič ujel",Ne,0,16.6082666840001,49.19283396,1848823.7902217763,6307644.848708605
1688,Srážka s jedoucím nekolejovým vozidlem,Nedání přednosti v jizdě,Řidičem motorového vozidla,3/13/2018,Úterý,Den,Ne,0,0,1,"Suchý, neznečištěný",Neztížené,Přechod pro chodce nebo v jeho blízkosti,Osobní automobil,Ne,5000,16.646126678,49.195079078,1853038.3454752902,6308027.289751569
1689,"Srážka s vozidlem zaparkovaným, odstaveným",Nesprávný způsob jízdy,Řidičem motorového vozidla,3/13/2018,Úterý,Noc,Nezjišťováno,0,0,0,"Suchý, neznečištěný",Neztížené,Přechod pro chodce nebo v jeho blízkosti,"Nezjištěno, řidič ujel",Ne,0,16.602410369,49.19793745,1848171.8682180494,6308514.219687297
1690,Srážka s jedoucím nekolejovým vozidlem,Nesprávný způsob jízdy,Řidičem motorového vozidla,3/13/2018,Úterý,Noc,Nezjišťováno,0,0,1,"Suchý, neznečištěný",Neztížené,Přechod pro chodce nebo v jeho blízkosti,Nákladní automobil,Ne,1000,16.6426446830001,49.211672913,1852650.7315649497,6310854.478520493
1692,"Srážka s vozidlem zaparkovaným, odstaveným",Nesprávný způsob jízdy,Řidičem motorového vozidla,3/13/2018,Úterý,Noc,Nezjišťováno,0,0,0,"Suchý, neznečištěný",Neztížené,Přechod pro chodce nebo v jeho blízkosti,"Nezjištěno, řidič ujel",Ne,0,16.613746679,49.208015731,1849433.8204747231,6310231.301512478
1693,Srážka s jedoucím nekolejovým vozidlem,Nesprávný způsob jízdy,Řidičem motorového vozidla,3/14/2018,Středa,Noc,Ne,0,1,0,"Suchý, neznečištěný",Neztížené,Zastávka MHD,Nákladní automobil,Ne,50000,16.593322684,49.200172341,1847160.2317513602,6308894.957871065
1699,Srážka s jedoucím nekolejovým vozidlem,Nesprávný způsob jízdy,Řidičem motorového vozidla,3/14/2018,Středa,Noc,Nezjišťováno,0,0,0,"Suchý, neznečištěný",Neztížené,Žádné,"Nezjištěno, řidič ujel",Ne,0,16.683879678,49.2090947880001,1857240.9902112095,6310415.166023437
1700,Srážka s pevnou překážkou,Nesprávný způsob jízdy,Řidičem motorového vozidla,3/14/2018,Středa,Den,Ne,0,0,0,"Suchý, neznečištěný",Neztížené,Žádné,Nákladní automobil,Ne,0,16.605673677,49.1971121820001,1848535.1380029097,6308373.630585165
1701,Srážka s jedoucím nekolejovým vozidlem,Nesprávný způsob jízdy,Řidičem motorového vozidla,3/15/2018,Čtvrtek,Den,Ne,0,0,0,"Suchý, neznečištěný",Neztížené,Žádné,Osobní automobil,Ne,40000,16.5652836900001,49.194570049,1844038.9452169265,6307940.578497275
1702,"Srážka s vozidlem zaparkovaným, odstaveným",Nesprávný způsob jízdy,Řidičem motorového vozidla,3/15/2018,Čtvrtek,Noc,Nezjišťováno,0,0,0,"Suchý, neznečištěný",Neztížené,Přechod pro chodce nebo v jeho blízkosti,"Nezjištěno, řidič ujel",Ne,0,16.5982276780001,49.1986132640001,1847706.2531857858,6308629.3501967415
1708,Srážka s pevnou překážkou,Nesprávný způsob jízdy,Řidičem motorového vozidla,3/16/2018,Pátek,Den,Ne,0,0,0,Mokrý,Neztížené,Přechod pro chodce nebo v jeho blízkosti,Osobní automobil,Ne,10000,16.66012368,49.1901338160001,1854596.484610562,6307184.919977113
1709,"Srážka s vozidlem zaparkovaným, odstaveným",Nesprávný způsob jízdy,Řidičem motorového vozidla,3/16/2018,Pátek,Den,Ne,0,0,0,"Suchý, neznečištěný",Neztížené,Přechod pro chodce nebo v jeho blízkosti,Osobní automobil,Ne,10000,16.6178356840001,49.199201293,1849889.0064291772,6308729.527084642
1710,Srážka s jedoucím nekolejovým vozidlem,Nedání přednosti v jizdě,Řidičem motorového vozidla,3/16/2018,Pátek,Noc,Ne,0,0,0,Mokrý,Neztížené,Přechod pro chodce nebo v jeho blízkosti,Osobní automobil,Ne,25000,16.592499683,49.227763682,1847068.6156991164,6313596.863398601
1711,Srážka s pevnou překážkou,Nesprávný způsob jízdy,Řidičem motorového vozidla,3/15/2018,Čtvrtek,Den,Nezjišťováno,0,0,0,"Suchý, neznečištěný",Neztížené,Žádné,Osobní automobil,Ne,0,16.5889046820001,49.2106138670001,1846668.4220184004,6310674.014310793
1719,"Srážka s vozidlem zaparkovaným, odstaveným",Nesprávný způsob jízdy,Řidičem motorového vozidla,3/19/2018,Pondělí,Den,Pod vlivem alkoholu,0,0,0,"Suchý, neznečištěný",Neztížené,Přechod pro chodce nebo v jeho blízkosti,Osobní automobil,Ne,5000,16.6805406770001,49.206013639,1856869.2943201344,6309890.168285274
1720,Srážka s pevnou překážkou,Nesprávný způsob jízdy,Řidičem motorového vozidla,3/19/2018,Pondělí,Den,Ne,0,0,0,"Suchý, neznečištěný",Neztížené,Přechod pro chodce nebo v jeho blízkosti,Osobní automobil,Ne,0,16.6183706780001,49.2039145260001,1849948.5616888371,6309532.518638952
1721,"Srážka s vozidlem zaparkovaným, odstaveným",Nesprávný způsob jízdy,Řidičem motorového vozidla,3/19/2018,Pondělí,Den,Nezjišťováno,0,0,0,"Suchý, neznečištěný",Neztížené,Přechod pro chodce nebo v jeho blízkosti,Osobní automobil,Ne,0,16.5688656790001,49.2128589760001,1844437.690408433,6311056.591348757
1725,"Srážka s vozidlem zaparkovaným, odstaveným",Nesprávný způsob jízdy,Řidičem motorového vozidla,3/18/2018,Neděle,Den,Nezjišťováno,0,0,0,"Suchý, neznečištěný",Neztížené,Žádné,Osobní automobil,Ne,0,16.605179687,49.203914528,1848480.1472876535,6309532.518979704
1727,Srážka s pevnou překážkou,Nesprávný způsob jízdy,Řidičem motorového vozidla,3/20/2018,Úterý,Noc,Nezjišťováno,0,0,0,"Suchý, neznečištěný",Neztížené,Čerpadlo pohonných hmot,"Nezjištěno, řidič ujel",Ne,0,16.6290196890001,49.221779402,1851134.0041708087,6312576.845210761
1728,Srážka s jedoucím nekolejovým vozidlem,Nesprávný způsob jízdy,Řidičem motorového vozidla,3/20/2018,Úterý,Den,Ne,0,0,1,"Suchý, neznečištěný",Neztížené,Zastávka MHD,Nákladní automobil,Ne,10000,16.6425766890001,49.2017844210001,1852643.1625074921,6309169.604054346
1729,Srážka s pevnou překážkou,Nesprávný způsob jízdy,Řidičem motorového vozidla,3/20/2018,Úterý,Den,Ne,0,0,0,"Suchý, neznečištěný",Neztížené,Přechod pro chodce nebo v jeho blízkosti,Osobní automobil,Ne,5000,16.6040216760001,49.2081347450001,1848351.2380928036,6310251.580550985