OBJECTID,DruhNehody,HlavniPricina,Zavineni,Datum,Den,DenNoc,Alkohol,Usmrceno,Tezce,Lehce,StavPovrchu,Pocasi,SpecifikaceMista,DruhVozidla,Smyk,Skoda,X,Y,x,y
1730,"Srážka s vozidlem zaparkovaným, odstaveným",Nesprávný způsob jízdy,Řidičem motorového vozidla,3/20/2018,Úterý,Den,Nezjišťováno,0,0,0,"Suchý, neznečištěný",Neztížené,Žádné,Nákladní automobil,Ne,0,16.631630688,49.2019954290001,1851424.6592499453,6309205.553641238
1734,"Srážka s vozidlem zaparkovaným, odstaveným",Nesprávný způsob jízdy,Řidičem motorového vozidla,3/20/2018,Úterý,Noc,Ne,0,0,0,"Suchý, neznečištěný",Neztížené,Přechod pro chodce nebo v jeho blízkosti,Osobní automobil,Ne,70000,16.5691306790001,49.213332995,1844467.1900734948,6311137.3686172385
1737,"Srážka s vozidlem zaparkovaným, odstaveným",Nesprávný způsob jízdy,Řidičem motorového vozidla,3/21/2018,Středa,Den,Ne,0,0,0,"Suchý, neznečištěný",Neztížené,Přechod pro chodce nebo v jeho blízkosti,Nákladní automobil,Ne,30000,16.5951446780001,49.199142286,1847363.0551956699,6308719.474571518
1739,"Srážka s vozidlem zaparkovaným, odstaveným",Nesprávný způsob jízdy,Řidičem motorového vozidla,3/21/2018,Středa,Den,Nezjišťováno,0,0,0,"Suchý, neznečištěný",Neztížené,Žádné,Osobní automobil,Ne,0,16.6114136890001,49.1905958470001,1849174.1132159024,6307263.6181965275
1740,Srážka s pevnou překážkou,Nesprávný způsob jízdy,Řidičem motorového vozidla,3/21/2018,Středa,Den,Ne,0,0,0,"Suchý, neznečištěný",Neztížené,Přechod pro chodce nebo v jeho blízkosti,Osobní automobil,Ne,15000,16.581829681,49.2298447810001,1845880.836509715,6313951.614862229
1741,Srážka s tramvají,Nedání přednosti v jizdě,Řidičem motorového vozidla,3/21/2018,Středa,Noc,Pod vlivem alkoholu,0,1,1,"Suchý, neznečištěný",Neztížené,Žádné,Osobní automobil,Ne,70000,16.5935446820001,49.1983392480001,1847184.9444556807,6308582.669113164
1743,Srážka s jedoucím nekolejovým vozidlem,Nedání přednosti v jizdě,Řidičem motorového vozidla,3/22/2018,Čtvrtek,Den,Nezjišťováno,0,0,0,"Suchý, neznečištěný",Neztížené,Přechod pro chodce nebo v jeho blízkosti,Osobní automobil,Ne,0,16.608055683,49.190043818,1848800.3016978968,6307169.590609954
1744,Srážka s pevnou překážkou,Nesprávný způsob jízdy,Řidičem motorového vozidla,3/22/2018,Čtvrtek,Den,Ne,0,0,0,"Suchý, neznečištěný",Neztížené,Žádné,Nákladní automobil,Ne,10000,16.6061596810001,49.2097358170001,1848589.2397207173,6310524.395224376
1745,Srážka s jedoucím nekolejovým vozidlem,Nesprávný způsob jízdy,Řidičem motorového vozidla,3/22/2018,Čtvrtek,Den,Ne,0,0,0,"Suchý, neznečištěný",Neztížené,"Most, nadjezd, podjezd, tunel",Osobní automobil,Ne,5000,16.614045683,49.192200932,1849467.105447748,6307537.01970104
1747,Srážka s chodcem,Nesprávný způsob jízdy,Řidičem motorového vozidla,3/22/2018,Čtvrtek,Den,Nezjišťováno,0,0,1,"Suchý, neznečištěný",Neztížené,Přechod pro chodce nebo v jeho blízkosti,"Nezjištěno, řidič ujel",Ne,0,16.5775706800001,49.191105867,1845406.726687109,6307350.491285528
1748,Jiný druh nehody,Nesprávný způsob jízdy,Řidičem motorového vozidla,3/21/2018,Středa,Den,Nezjišťováno,0,0,0,"Suchý, neznečištěný",Neztížené,Žádné,Osobní automobil,Ne,0,16.592860677,49.2072456990001,1847108.8013673762,6310100.095367094
1749,Srážka s pevnou překážkou,Nesprávný způsob jízdy,Řidičem motorového vozidla,3/22/2018,Čtvrtek,Noc,Nezjišťováno,0,0,0,"Suchý, neznečištěný",Neztížené,Přechod pro chodce nebo v jeho blízkosti,"Nezjištěno, řidič ujel",Ne,0,16.604402683,49.1947050580001,1848393.6515980307,6307963.576706559
1751,Srážka s jedoucím nekolejovým vozidlem,Nedání přednosti v jizdě,Řidičem motorového vozidla,3/23/2018,Pátek,Den,Ne,0,0,0,"Suchý, neznečištěný",Neztížené,Přechod pro chodce nebo v jeho blízkosti,Osobní automobil,Ne,200000,16.5733736820001,49.214166038,1844939.519006889,6311279.328808081
1754,Srážka s pevnou překážkou,Nesprávný způsob jízdy,Řidičem motorového vozidla,3/23/2018,Pátek,Den,Ne,0,0,0,"Suchý, neznečištěný",Neztížené,Přechod pro chodce nebo v jeho blízkosti,Osobní automobil,Ne,150000,16.591814615,49.2051409480001,1846992.354278198,6309741.4761957405
1757,"Srážka s vozidlem zaparkovaným, odstaveným",Nesprávný způsob jízdy,Řidičem motorového vozidla,3/23/2018,Pátek,Noc,Nezjišťováno,0,0,0,"Suchý, neznečištěný",Neztížené,Přechod pro chodce nebo v jeho blízkosti,"Nezjištěno, řidič ujel",Ne,0,16.636272686,49.19788922,1851941.4041035702,6308506.003367678
1759,Srážka s pevnou překážkou,Nesprávný způsob jízdy,Řidičem motorového vozidla,3/24/2018,Sobota,Noc,Ne,0,0,0,"Suchý, neznečištěný",Neztížené,Žádné,Nákladní automobil,Ne,0,16.607418685,49.191296886,1848729.3914049002,6307383.028300083
1760,"Srážka s vozidlem zaparkovaným, odstaveným",Nepřiměřená rychlost jízdy,Řidičem motorového vozidla,3/25/2018,Neděle,Den,Pod vlivem alkoholu,0,0,0,"Suchý, neznečištěný",Neztížené,Žádné,Osobní automobil,Ne,150000,16.65331568,49.196270138,1853838.6215172438,6308230.1860136455
1762,Srážka s chodcem,Nedání přednosti v jizdě,Řidičem motorového vozidla,3/26/2018,Pondělí,Den,Ne,0,1,0,"Suchý, neznečištěný",Neztížené,Přechod pro chodce nebo v jeho blízkosti,Osobní automobil,Ne,0,16.593802678,49.2061696420001,1847213.6644390228,6309916.748888653
1763,"Srážka s vozidlem zaparkovaným, odstaveným",Nesprávný způsob jízdy,Řidičem motorového vozidla,3/26/2018,Pondělí,Noc,Nezjišťováno,0,0,0,"Suchý, neznečištěný",Neztížené,Žádné,"Nezjištěno, řidič ujel",Ne,0,16.683637682,49.2126929680001,1857214.0513397155,6311028.302216929
1765,Srážka s pevnou překážkou,Nesprávný způsob jízdy,Řidičem motorového vozidla,3/26/2018,Pondělí,Den,Nezjišťováno,0,0,0,"Suchý, neznečištěný",Neztížené,Přechod pro chodce nebo v jeho blízkosti,Osobní automobil,Ne,1000,16.603403685,49.207670722,1848282.4436493672,6310172.515000257
1767,Srážka s chodcem,Nezaviněná řidičem,Chodcem,3/27/2018,Úterý,Den,Nezjišťováno,0,0,1,"Suchý, neznečištěný",Neztížené,Zastávka MHD,Tramvaj,Ne,0,16.6184216820001,49.191811912,1849954.239428145,6307470.755322202
1768,"Srážka s vozidlem zaparkovaným, odstaveným",Nesprávný způsob jízdy,Řidičem motorového vozidla,3/27/2018,Úterý,Den,Ne,0,0,0,"Suchý, neznečištěný",Neztížené,Žádné,Osobní automobil,Ne,10000,16.6629956780001,49.20365552,1854916.1939654865,6309488.389906696
1769,"Srážka s vozidlem zaparkovaným, odstaveným",Nesprávný způsob jízdy,Řidičem motorového vozidla,3/27/2018,Úterý,Den,Ne,0,0,0,"Suchý, neznečištěný",Neztížené,Žádné,Osobní automobil,Ne,30000,16.5954576830001,49.1969141750001,1847397.8987528868,6308339.899314368
1770,Srážka s jedoucím nekolejovým vozidlem,Nesprávný způsob jízdy,Řidičem motorového vozidla,3/27/2018,Úterý,Den,Nezjišťováno,0,0,0,Mokrý,Déšť,"Most, nadjezd, podjezd, tunel",Osobní automobil,Ne,50000,16.5807041630001,49.2158381570001,1845755.5444190786,6311564.284503624
1771,"Srážka s vozidlem zaparkovaným, odstaveným",Nesprávný způsob jízdy,Řidičem motorového vozidla,3/27/2018,Úterý,Den,Nezjišťováno,0,0,0,"Suchý, neznečištěný",Neztížené,Přechod pro chodce nebo v jeho blízkosti,Osobní automobil,Ne,0,16.5547946840001,49.208912781,1842871.3144100788,6310384.152896566
1773,Srážka s pevnou překážkou,Nesprávný způsob jízdy,Řidičem motorového vozidla,3/27/2018,Úterý,Den,Ne,0,0,0,"Suchý, neznečištěný",Neztížené,Žádné,Osobní automobil,Ne,1000,16.587406678,49.195158087,1846501.6649759095,6308040.7487297645
1776,"Srážka s vozidlem zaparkovaným, odstaveným",Nesprávný způsob jízdy,Řidičem motorového vozidla,3/28/2018,Středa,Noc,Nezjišťováno,0,0,0,"Suchý, neznečištěný",Neztížené,Žádné,"Nezjištěno, řidič ujel",Ne,0,16.6574836820001,49.1903318280001,1854302.6013775123,6307218.647476441
1777,"Srážka s vozidlem zaparkovaným, odstaveným",Nesprávný způsob jízdy,Řidičem motorového vozidla,3/27/2018,Úterý,Noc,Nezjišťováno,0,0,0,"Suchý, neznečištěný",Neztížené,Žádné,"Nezjištěno, řidič ujel",Ne,0,16.5935546870001,49.2020084310001,1847186.0582071838,6309207.768806481
1778,Srážka s pevnou překážkou,Nesprávný způsob jízdy,Řidičem motorového vozidla,3/27/2018,Úterý,Noc,Nezjišťováno,0,0,0,"Suchý, neznečištěný",Neztížené,Žádné,"Nezjištěno, řidič ujel",Ne,0,16.627188683,49.2234994790001,1850930.177515246,6312870.01901311
1781,Srážka s jedoucím nekolejovým vozidlem,Nedání přednosti v jizdě,Řidičem motorového vozidla,3/28/2018,Středa,Den,Nezjišťováno,0,0,0,"Suchý, neznečištěný",Neztížené,Žádné,"Nezjištěno, řidič ujel",Ne,0,16.56907769,49.1911138680001,1844461.2913649927,6307351.854124685
1782,"Srážka s vozidlem zaparkovaným, odstaveným",Nesprávný způsob jízdy,Řidičem motorového vozidla,3/26/2018,Pondělí,Den,Nezjišťováno,0,0,0,"Suchý, neznečištěný",Neztížené,Přechod pro chodce nebo v jeho blízkosti,Nákladní automobil,Ne,0,16.6073656830001,49.209260794,1848723.4912492535,6310443.452755578
1784,Jiný druh nehody,Nedání přednosti v jizdě,Řidičem motorového vozidla,3/28/2018,Středa,Den,Nezjišťováno,0,1,0,"Suchý, neznečištěný",Neztížené,Žádné,Osobní automobil,Ne,0,16.5603556890001,49.2160271230001,1843490.3626549782,6311596.487924355
1788,"Srážka s vozidlem zaparkovaným, odstaveným",Nesprávný způsob jízdy,Řidičem motorového vozidla,3/28/2018,Středa,Noc,Nezjišťováno,0,0,0,"Suchý, neznečištěný",Neztížené,Přechod pro chodce nebo v jeho blízkosti,"Nezjištěno, řidič ujel",Ne,0,16.6586746790001,49.208435756,1854435.1825570865,6310302.8706478495
1792,Srážka s chodcem,Nedání přednosti v jizdě,Řidičem motorového vozidla,3/29/2018,Čtvrtek,Den,Ne,0,1,0,"Suchý, neznečištěný",Neztížené,Přechod pro chodce nebo v jeho blízkosti,Osobní automobil,Ne,0,16.6366006800001,49.2037305170001,1851977.9162286366,6309501.16766619
1793,"Srážka s vozidlem zaparkovaným, odstaveným",Nesprávný způsob jízdy,Řidičem motorového vozidla,3/29/2018,Čtvrtek,Den,Nezjišťováno,0,0,0,"Suchý, neznečištěný",Neztížené,Přechod pro chodce nebo v jeho blízkosti,"Nezjištěno, řidič ujel",Ne,0,16.6181476850001,49.1991822890001,1849923.738221624,6308726.289535939
1795,Srážka s jedoucím nekolejovým vozidlem,Nesprávný způsob jízdy,Řidičem motorového vozidla,3/29/2018,Čtvrtek,Den,Ne,0,0,0,"Suchý, neznečištěný",Neztížené,Žádné,Osobní automobil,Ne,40000,16.5676559070001,49.2118983120001,1844303.0192054193,6310892.887598886
1796,Srážka s pevnou překážkou,Nesprávný způsob jízdy,Řidičem motorového vozidla,3/29/2018,Čtvrtek,Den,Ne,0,0,0,"Suchý, neznečištěný",Neztížené,Žádné,Osobní automobil,Ne,10000,16.6305086830001,49.204199541,1851299.7582246829,6309581.07898044
1797,Srážka s chodcem,Nezaviněná řidičem,Chodcem,3/29/2018,Čtvrtek,Den,Ne,0,0,1,"Suchý, neznečištěný",Neztížené,Zastávka MHD,Tramvaj,Ne,0,16.6136446800001,49.1954881020001,1849422.465997984,6308096.966161376
1799,Srážka s pevnou překážkou,Nepřiměřená rychlost jízdy,Řidičem motorového vozidla,3/30/2018,Pátek,Noc,Pod vlivem alkoholu,0,0,0,"Suchý, neznečištěný",Neztížené,Žádné,Osobní automobil,Ne,3000,16.61802168,49.2196743040001,1849909.7114091835,6312218.061446849
1800,"Srážka s vozidlem zaparkovaným, odstaveným",Nesprávný způsob jízdy,Řidičem motorového vozidla,3/30/2018,Pátek,Noc,Nezjišťováno,0,0,0,"Suchý, neznečištěný",Neztížené,Žádné,"Nezjištěno, řidič ujel",Ne,0,16.569846688,49.2201213220001,1844546.895830775,6312294.247975995
1801,"Srážka s vozidlem zaparkovaným, odstaveným",Nesprávný způsob jízdy,Řidičem motorového vozidla,3/30/2018,Pátek,Noc,Nezjišťováno,0,0,0,"Suchý, neznečištěný",Neztížené,Přechod pro chodce nebo v jeho blízkosti,"Nezjištěno, řidič ujel",Ne,0,16.610023685,49.1963961490001,1849019.3786784182,6308251.652187705
1802,Srážka s jedoucím nekolejovým vozidlem,Nesprávné předjíždění,Řidičem motorového vozidla,3/30/2018,Pátek,Den,Ne,0,0,0,"Suchý, neznečištěný",Neztížené,Žádné,Osobní automobil,Ne,20000,16.5324726850001,49.2294017580001,1840386.4408479123,6313876.094349705
1803,Srážka s jedoucím nekolejovým vozidlem,Nesprávný způsob jízdy,Řidičem motorového vozidla,3/30/2018,Pátek,Den,Nezjišťováno,0,0,3,"Suchý, neznečištěný",Neztížené,Přechod pro chodce nebo v jeho blízkosti,"Nezjištěno, řidič ujel",Ne,0,16.5530866820001,49.218180229,1842681.1804971662,6311963.427062459
1804,Srážka s jedoucím nekolejovým vozidlem,Nesprávné předjíždění,Řidičem motorového vozidla,3/30/2018,Pátek,Noc,Ne,1,1,2,"Suchý, neznečištěný",Neztížené,Žádné,Osobní automobil,Ne,200000,16.601283682,49.2128589700001,1848046.4459949252,6311056.590326305
1806,"Srážka s vozidlem zaparkovaným, odstaveným",Nesprávný způsob jízdy,Řidičem motorového vozidla,3/31/2018,Sobota,Den,Ne,0,0,0,"Suchý, neznečištěný",Neztížené,Žádné,Osobní automobil,Ne,10000,16.6063306880001,49.195684112,1848608.2761328805,6308130.356272005
1807,"Srážka s vozidlem zaparkovaným, odstaveným",Nepřiměřená rychlost jízdy,Řidičem motorového vozidla,3/31/2018,Sobota,Den,Ne,0,0,0,"Suchý, neznečištěný",Neztížené,Zastávka MHD,Osobní automobil,Ne,150000,16.6237629500001,49.208198773,1850548.8266620953,6310262.490432855
1808,"Srážka s vozidlem zaparkovaným, odstaveným",Nepřiměřená rychlost jízdy,Řidičem motorového vozidla,4/1/2018,Neděle,Noc,Ne,0,0,0,Mokrý,Déšť,Přechod pro chodce nebo v jeho blízkosti,Osobní automobil,Ano,5000,16.6146726850001,49.195194089,1849536.9029911195,6308046.881584204
1809,Srážka s pevnou překážkou,Nepřiměřená rychlost jízdy,Řidičem motorového vozidla,4/1/2018,Neděle,Noc,Pod vlivem alkoholu,0,0,0,"Suchý, neznečištěný",Neztížené,Přechod pro chodce nebo v jeho blízkosti,Osobní automobil,Ne,200000,16.589423126,49.209593139,1846726.1349404815,6310500.083247099
1810,Srážka s pevnou překážkou,Nepřiměřená rychlost jízdy,Řidičem motorového vozidla,4/1/2018,Neděle,Noc,Pod vlivem alkoholu,0,0,0,Mokrý,Neztížené,Přechod pro chodce nebo v jeho blízkosti,Osobní automobil,Ne,10000,16.6273066860001,49.216849165,1850943.313549119,6311736.581036994
1811,Srážka s pevnou překážkou,Nesprávný způsob jízdy,Řidičem motorového vozidla,4/1/2018,Neděle,Den,Ne,0,0,0,"Suchý, neznečištěný",Neztížené,Žádné,Osobní automobil,Ne,5000,16.611516732,49.209307875,1849185.5839101884,6310451.475179502
1812,Srážka s jedoucím nekolejovým vozidlem,Nedání přednosti v jizdě,Řidičem motorového vozidla,4/1/2018,Neděle,Den,Ne,0,0,0,"Suchý, neznečištěný",Neztížené,Žádné,Osobní automobil,Ne,135000,16.6179026890001,49.20557761,1849896.4653916585,6309815.875838825
1818,Srážka s pevnou překážkou,Nesprávný způsob jízdy,Řidičem motorového vozidla,4/2/2018,Pondělí,Den,Ne,0,0,0,"Suchý, neznečištěný",Neztížené,Přechod pro chodce nebo v jeho blízkosti,Osobní automobil,Ne,2000,16.6057246830001,49.1922929350001,1848540.815964861,6307552.6912636515
1821,Srážka s jedoucím nekolejovým vozidlem,Nesprávný způsob jízdy,Řidičem motorového vozidla,4/3/2018,Úterý,Den,Ne,0,0,0,"Suchý, neznečištěný",Neztížené,Žádné,Osobní automobil,Ne,0,16.5721886850001,49.210511857,1844807.605744258,6310656.631743968
1822,Srážka s pevnou překážkou,Nesprávný způsob jízdy,Řidičem motorového vozidla,4/3/2018,Úterý,Noc,Nezjišťováno,0,0,0,"Suchý, neznečištěný",Neztížené,Žádné,"Nezjištěno, řidič ujel",Ne,0,16.609587689,49.2052065950001,1848970.8438257081,6309752.661265761
1825,"Srážka s vozidlem zaparkovaným, odstaveným",Nesprávný způsob jízdy,Řidičem motorového vozidla,4/3/2018,Úterý,Noc,Nezjišťováno,0,0,0,"Suchý, neznečištěný",Neztížené,Přechod pro chodce nebo v jeho blízkosti,"Nezjištěno, řidič ujel",Ne,0,16.571803688,49.2123189490001,1844764.748074258,6310964.566643921
1826,"Srážka s vozidlem zaparkovaným, odstaveným",Nesprávný způsob jízdy,Řidičem motorového vozidla,4/3/2018,Úterý,Den,Ne,0,0,0,"Suchý, neznečištěný",Neztížené,Přechod pro chodce nebo v jeho blízkosti,Osobní automobil,Ne,5000,16.585588681,49.2288657350001,1846299.286475607,6313784.721372252
1827,"Srážka s vozidlem zaparkovaným, odstaveným",Nesprávný způsob jízdy,Řidičem motorového vozidla,4/3/2018,Úterý,Noc,Nezjišťováno,0,0,0,"Suchý, neznečištěný",Neztížené,Žádné,"Nezjištěno, řidič ujel",Ne,0,16.585085689,49.2200043220001,1846243.2936622929,6312274.307271883
1829,Srážka s jedoucím nekolejovým vozidlem,Nesprávný způsob jízdy,Řidičem motorového vozidla,4/3/2018,Úterý,Den,Ne,0,0,2,"Suchý, neznečištěný",Neztížené,Přechod pro chodce nebo v jeho blízkosti,Osobní automobil,Ne,60000,16.548041687,49.2190122690001,1842119.5742227065,6312105.230234453
1830,Srážka s pevnou překážkou,Nesprávný způsob jízdy,Řidičem motorového vozidla,4/4/2018,Středa,Noc,Nezjišťováno,0,0,0,"Suchý, neznečištěný",Neztížené,Žádné,Osobní automobil,Ne,20000,16.6794916760001,49.195906118,1856752.5200629712,6308168.174935461
1832,"Srážka s vozidlem zaparkovaným, odstaveným",Nesprávný způsob jízdy,Řidičem motorového vozidla,4/3/2018,Úterý,Noc,Nezjišťováno,0,0,0,"Suchý, neznečištěný",Neztížené,Žádné,Osobní automobil,Ne,0,16.625580477,49.2071937330001,1850751.1528422334,6310091.240927441
1834,Srážka s pevnou překážkou,Nesprávný způsob jízdy,Řidičem motorového vozidla,4/4/2018,Středa,Den,Ne,0,0,0,"Suchý, neznečištěný",Neztížené,Čerpadlo pohonných hmot,Osobní automobil,Ne,20000,16.582716911,49.220836977,1845979.6025015302,6312416.22049583
1835,Srážka s chodcem,Nezaviněná řidičem,Chodcem,4/4/2018,Středa,Den,Pod vlivem alkoholu,0,0,1,"Suchý, neznečištěný",Neztížené,Žádné,Nákladní automobil,Ne,1000,16.6340316870001,49.190375831,1851691.9372360238,6307226.142551397
1839,"Srážka s vozidlem zaparkovaným, odstaveným",Nesprávný způsob jízdy,Řidičem motorového vozidla,4/4/2018,Středa,Noc,Nezjišťováno,0,0,0,"Suchý, neznečištěný",Neztížené,Žádné,"Nezjištěno, řidič ujel",Ne,0,16.5619226850001,49.2040535370001,1843664.799851774,6309556.203047369
1843,Srážka s pevnou překážkou,Nesprávný způsob jízdy,Řidičem motorového vozidla,4/5/2018,Čtvrtek,Noc,Nezjišťováno,0,0,0,"Suchý, neznečištěný",Neztížené,Žádné,"Nezjištěno, řidič ujel",Ne,0,16.612712684,49.1950180800001,1849318.7166778406,6308016.898915209
1847,Srážka s jedoucím nekolejovým vozidlem,Nesprávný způsob jízdy,Řidičem motorového vozidla,4/6/2018,Pátek,Den,Ne,0,0,0,"Suchý, neznečištěný",Neztížené,Žádné,Osobní automobil,Ne,0,16.6277256760001,49.219330287,1850989.9553025682,6312159.4301356925
1848,"Srážka s vozidlem zaparkovaným, odstaveným",Nesprávný způsob jízdy,Řidičem motorového vozidla,4/6/2018,Pátek,Den,Nezjišťováno,0,0,0,"Suchý, neznečištěný",Neztížené,Žádné,Nákladní automobil,Ne,3000,16.6210233910001,49.1914928310001,1850243.8603492149,6307416.404510054
1849,Srážka s jedoucím nekolejovým vozidlem,Nedání přednosti v jizdě,Řidičem motorového vozidla,4/6/2018,Pátek,Den,Ne,0,0,1,"Suchý, neznečištěný",Neztížené,Přechod pro chodce nebo v jeho blízkosti,Osobní automobil,Ne,5000,16.600987682,49.216006131,1848013.495425651,6311592.91047996
1850,Srážka s tramvají,Nedání přednosti v jizdě,Řidičem motorového vozidla,4/6/2018,Pátek,Den,Ne,0,0,1,"Suchý, neznečištěný",Neztížené,Žádné,Osobní automobil,Ne,1000,16.6054683900001,49.2058893130001,1848512.2855586067,6309868.98503414
1852,Havárie,Nepřiměřená rychlost jízdy,Řidičem nemotorového vozidla,4/7/2018,Sobota,Den,Ne,0,0,1,"Suchý, neznečištěný",Neztížené,Žádné,Jízdní kolo,Ne,5000,16.652465681,49.195808114,1853744.0000613863,6308151.479959024
1853,"Srážka s vozidlem zaparkovaným, odstaveným",Nesprávný způsob jízdy,Řidičem motorového vozidla,4/4/2018,Středa,Noc,Nezjišťováno,0,0,0,"Suchý, neznečištěný",Neztížené,Přechod pro chodce nebo v jeho blízkosti,"Nezjištěno, řidič ujel",Ne,0,16.5954176830001,49.195326095,1847393.4459732536,6308069.368528206
1854,Srážka s jedoucím nekolejovým vozidlem,Nesprávný způsob jízdy,Řidičem motorového vozidla,4/7/2018,Sobota,Den,Ne,0,0,0,"Suchý, neznečištěný",Neztížené,Žádné,Osobní automobil,Ne,35000,16.603083677,49.218333236,1848246.8205217556,6311989.503607928
1855,Srážka s jedoucím nekolejovým vozidlem,Nesprávný způsob jízdy,Řidičem nemotorového vozidla,4/7/2018,Sobota,Den,Ne,0,0,1,"Suchý, neznečištěný",Neztížené,"Most, nadjezd, podjezd, tunel",Jízdní kolo,Ne,0,16.534361092,49.225896349,1840596.6573535593,6313278.563958783
1856,Havárie,Nepřiměřená rychlost jízdy,Řidičem motorového vozidla,4/7/2018,Sobota,Den,Ne,0,0,0,"Suchý, neznečištěný",Neztížené,Žádné,Osobní automobil,Ano,50000,16.5711166890001,49.210719871,1844688.2716954045,6310692.077495668
1857,"Srážka s vozidlem zaparkovaným, odstaveným",Nesprávný způsob jízdy,Řidičem motorového vozidla,4/7/2018,Sobota,Den,Ne,0,0,0,"Suchý, neznečištěný",Neztížené,Zastávka MHD,Osobní automobil,Ne,50000,16.6011026800001,49.2136940120001,1848026.2969444552,6311198.889808261
1860,"Srážka s vozidlem zaparkovaným, odstaveným",Nesprávný způsob jízdy,Řidičem motorového vozidla,4/8/2018,Neděle,Noc,Nezjišťováno,0,0,0,"Suchý, neznečištěný",Neztížené,Přechod pro chodce nebo v jeho blízkosti,"Nezjištěno, řidič ujel",Ne,0,16.553100682,49.2254495720001,1842682.7389700336,6313202.409604574
1861,Srážka s jedoucím nekolejovým vozidlem,Nesprávný způsob jízdy,Řidičem motorového vozidla,4/8/2018,Neděle,Den,Nezjišťováno,0,1,0,"Suchý, neznečištěný",Neztížené,Přechod pro chodce nebo v jeho blízkosti,Osobní automobil,Ne,50000,16.61158269,49.2071426890001,1849192.9263211614,6310082.543595597
1862,Srážka s pevnou překážkou,Nesprávný způsob jízdy,Řidičem motorového vozidla,4/9/2018,Pondělí,Noc,Ne,0,0,0,"Suchý, neznečištěný",Neztížené,Zastávka MHD,Osobní automobil,Ano,400000,16.604222685,49.192194929,1848373.6143123244,6307535.997165935
1864,Srážka s chodcem,Nesprávný způsob jízdy,Řidičem motorového vozidla,4/9/2018,Pondělí,Den,Ne,0,0,1,"Suchý, neznečištěný",Neztížené,Žádné,Osobní automobil,Ne,0,16.6158726790001,49.201279399,1849670.4857121536,6309083.563710669
1865,"Srážka s vozidlem zaparkovaným, odstaveným",Nesprávný způsob jízdy,Řidičem motorového vozidla,4/9/2018,Pondělí,Den,Nezjišťováno,0,0,0,"Suchý, neznečištěný",Neztížené,Žádné,Osobní automobil,Ne,1000,16.5326776860001,49.226109604,1840409.2614548428,6313314.914096046
1866,Srážka s chodcem,Nedání přednosti v jizdě,Řidičem motorového vozidla,4/9/2018,Pondělí,Den,Ne,0,0,1,"Suchý, neznečištěný",Neztížené,Přechod pro chodce nebo v jeho blízkosti,Osobní automobil,Ne,0,16.6355066830001,49.1927969610001,1851856.1330396677,6307638.5463183755
1867,Jiný druh nehody,Technická závada vozidla,Technickou závadou vozidla,4/9/2018,Pondělí,Den,Nezjišťováno,0,0,0,"Suchý, neznečištěný",Neztížené,"Most, nadjezd, podjezd, tunel",Nákladní automobil,Ne,0,16.6206406790001,49.222011412,1850201.2570442571,6312616.388922918
1868,Srážka s jedoucím nekolejovým vozidlem,Nedání přednosti v jizdě,Řidičem motorového vozidla,4/9/2018,Pondělí,Den,Ne,0,0,3,"Suchý, neznečištěný",Neztížené,Přechod pro chodce nebo v jeho blízkosti,Osobní automobil,Ne,80000,16.6042986790001,49.207624718,1848382.0739257124,6310164.676352527
1869,"Srážka s vozidlem zaparkovaným, odstaveným",Nesprávný způsob jízdy,Řidičem motorového vozidla,4/9/2018,Pondělí,Noc,Nezjišťováno,0,0,0,"Suchý, neznečištěný",Neztížené,Přechod pro chodce nebo v jeho blízkosti,"Nezjištěno, řidič ujel",Ne,0,16.5650900690001,49.21254005,1844017.3914258,6311002.243813074
1874,Srážka s pevnou překážkou,Nesprávný způsob jízdy,Řidičem motorového vozidla,4/10/2018,Úterý,Noc,Ne,0,0,1,"Suchý, neznečištěný",Neztížené,"Most, nadjezd, podjezd, tunel",Osobní automobil,Ne,20000,16.597135677,49.2293297530001,1847584.6921905184,6313863.819984355
1875,Srážka s jedoucím nekolejovým vozidlem,Nesprávný způsob jízdy,Řidičem motorového vozidla,4/10/2018,Úterý,Den,Ne,0,0,0,"Suchý, neznečištěný",Neztížené,Zastávka MHD,Nákladní automobil,Ne,5000,16.646760687,49.2074847060001,1853108.9230343292,6310140.819673083
1879,Srážka s jedoucím nekolejovým vozidlem,Nedání přednosti v jizdě,Řidičem motorového vozidla,4/10/2018,Úterý,Noc,Ne,0,0,1,"Suchý, neznečištěný",Neztížené,Přechod pro chodce nebo v jeho blízkosti,Osobní automobil,Ne,0,16.593491687,49.2109548780001,1847179.0450792622,6310732.123055552
1881,"Srážka s vozidlem zaparkovaným, odstaveným",Nesprávný způsob jízdy,Řidičem motorového vozidla,4/11/2018,Středa,Noc,Nezjišťováno,0,0,0,"Suchý, neznečištěný",Neztížené,Žádné,"Nezjištěno, řidič ujel",Ne,0,16.657548687,49.2049525840001,1854309.837701006,6309709.3824348925