OBJECTID,DruhNehody,HlavniPricina,Zavineni,Datum,Den,DenNoc,Alkohol,Usmrceno,Tezce,Lehce,StavPovrchu,Pocasi,SpecifikaceMista,DruhVozidla,Smyk,Skoda,X,Y,x,y
2202,Srážka s jedoucím nekolejovým vozidlem,Nedání přednosti v jizdě,Řidičem motorového vozidla,5/22/2018,Úterý,Den,Nezjišťováno,0,0,0,"Suchý, neznečištěný",Neztížené,Žádné,"Nezjištěno, řidič ujel",Ne,0,16.6110486760001,49.2200603220001,1849133.480154607,6312283.851534624
2203,Srážka s jedoucím nekolejovým vozidlem,Nesprávný způsob jízdy,Řidičem motorového vozidla,5/23/2018,Středa,Den,Ne,0,0,1,"Suchý, neznečištěný",Neztížené,Přechod pro chodce nebo v jeho blízkosti,Nákladní automobil,Ne,15000,16.6059526780001,49.1995113070001,1848566.1962521635,6308782.341690191
2204,Srážka s chodcem,Nezaviněná řidičem,Chodcem,5/23/2018,Středa,Den,Ne,0,1,0,"Suchý, neznečištěný",Neztížené,Žádné,Osobní automobil,Ne,40000,16.6147666840001,49.198332248,1849547.3669119347,6308581.476603753
2208,Srážka s jedoucím nekolejovým vozidlem,Nedání přednosti v jizdě,Řidičem motorového vozidla,5/23/2018,Středa,Den,Nezjišťováno,0,0,0,"Suchý, neznečištěný",Neztížené,Žádné,"Nezjištěno, řidič ujel",Ne,0,16.589875686,49.209870827,1846776.513689233,6310547.400658065
2211,Srážka s jedoucím nekolejovým vozidlem,Nedání přednosti v jizdě,Řidičem motorového vozidla,5/23/2018,Středa,Noc,Ne,0,0,0,Mokrý,Slabý déšť,Přechod pro chodce nebo v jeho blízkosti,Osobní automobil,Ne,50000,16.5893546900001,49.2125609570001,1846718.5166798101,6311005.806521993
2212,Srážka s jedoucím nekolejovým vozidlem,Nedání přednosti v jizdě,Řidičem motorového vozidla,5/24/2018,Čtvrtek,Den,Nezjišťováno,0,0,1,"Suchý, neznečištěný",Neztížené,Žádné,Osobní automobil,Ne,0,16.5565186860001,49.2151030810001,1843063.2294348457,6311439.014664424
2213,Srážka s chodcem,Nezaviněná řidičem,Chodcem,5/24/2018,Čtvrtek,Den,Ne,0,0,1,"Suchý, neznečištěný",Neztížené,Přechod pro chodce nebo v jeho blízkosti,Jízdní kolo,Ne,0,16.597982025,49.2100627770001,1847678.90721891,6310580.10866193
2214,"Srážka s vozidlem zaparkovaným, odstaveným",Nesprávný způsob jízdy,Řidičem motorového vozidla,5/24/2018,Čtvrtek,Noc,Nezjišťováno,0,0,0,"Suchý, neznečištěný",Neztížené,Přechod pro chodce nebo v jeho blízkosti,"Nezjištěno, řidič ujel",Ne,0,16.5500796810001,49.2140100290001,1842346.4426770296,6311252.742882655
2217,"Srážka s vozidlem zaparkovaným, odstaveným",Nesprávný způsob jízdy,Řidičem motorového vozidla,5/24/2018,Čtvrtek,Den,Nezjišťováno,0,0,0,"Suchý, neznečištěný",Neztížené,Žádné,"Nezjištěno, řidič ujel",Ne,0,16.648875687,49.1908908610001,1853344.3637573575,6307313.868621588
2218,"Srážka s vozidlem zaparkovaným, odstaveným",Nesprávný způsob jízdy,Řidičem motorového vozidla,5/24/2018,Čtvrtek,Noc,Nezjišťováno,0,0,0,"Suchý, neznečištěný",Neztížené,Přechod pro chodce nebo v jeho blízkosti,"Nezjištěno, řidič ujel",Ne,0,16.6254946830001,49.224813549,1850741.6022978434,6313093.998943034
2222,Srážka s pevnou překážkou,Nesprávný způsob jízdy,Řidičem motorového vozidla,5/25/2018,Pátek,Noc,Ne,0,0,0,"Suchý, neznečištěný",Slabý déšť,Čerpadlo pohonných hmot,Nákladní automobil,Ne,70000,16.575284681,49.2188252650001,1845152.2504424711,6312073.359250586
2223,Srážka s jedoucím nekolejovým vozidlem,Nesprávné předjíždění,Řidičem motorového vozidla,5/25/2018,Pátek,Den,Nezjišťováno,0,0,0,"Suchý, neznečištěný",Neztížené,Žádné,"Nezjištěno, řidič ujel",Ne,0,16.591568679,49.213239995,1846964.9768079105,6311121.520486847
2224,Srážka s pevnou překážkou,Nesprávný způsob jízdy,Řidičem motorového vozidla,5/25/2018,Pátek,Den,Ne,0,0,0,"Suchý, neznečištěný",Neztížené,Zastávka MHD,Nákladní automobil,Ne,5000,16.5922256870001,49.228098694,1847038.1146039194,6313653.969714669
2225,"Srážka s vozidlem zaparkovaným, odstaveným",Nesprávný způsob jízdy,Řidičem motorového vozidla,5/25/2018,Pátek,Noc,Ne,0,0,0,"Suchý, neznečištěný",Neztížené,Zastávka MHD,"Nezjištěno, řidič ujel",Ne,0,16.5933906860001,49.2131489920001,1847167.801699377,6311106.0126941
2226,"Srážka s vozidlem zaparkovaným, odstaveným",Nesprávný způsob jízdy,Řidičem motorového vozidla,5/25/2018,Pátek,Noc,Nezjišťováno,0,0,0,"Suchý, neznečištěný",Neztížené,Žádné,"Nezjištěno, řidič ujel",Ne,0,16.633113684,49.2113388970001,1851589.7456095133,6310797.560902681
2227,Srážka s pevnou překážkou,Nesprávný způsob jízdy,Řidičem motorového vozidla,5/25/2018,Pátek,Noc,Nezjišťováno,0,0,0,"Suchý, neznečištěný",Neztížené,Přechod pro chodce nebo v jeho blízkosti,"Nezjištěno, řidič ujel",Ne,0,16.6010016760001,49.2129569800001,1848015.0532306083,6311073.29208293
2231,Srážka s jedoucím nekolejovým vozidlem,Nesprávný způsob jízdy,Řidičem motorového vozidla,5/25/2018,Pátek,Den,Nezjišťováno,0,0,0,"Suchý, neznečištěný",Neztížené,Žádné,"Nezjištěno, řidič ujel",Ne,0,16.642571774,49.209888805,1852642.6153721912,6310550.464078016
2234,Srážka s pevnou překážkou,Nesprávný způsob jízdy,Řidičem nemotorového vozidla,5/27/2018,Neděle,Den,Ne,0,0,1,"Suchý, neznečištěný",Neztížené,Žádné,Jízdní kolo,Ne,0,16.6533556790001,49.2281617040001,1853843.0741855586,6313664.710474611
2235,"Srážka s vozidlem zaparkovaným, odstaveným",Nesprávný způsob jízdy,Řidičem motorového vozidla,5/27/2018,Neděle,Noc,Nezjišťováno,0,0,0,"Suchý, neznečištěný",Neztížené,Žádné,"Nezjištěno, řidič ujel",Ne,0,16.6090306790001,49.2181192290001,1848908.8377561453,6311953.03102941
2237,Srážka s pevnou překážkou,Nesprávný způsob jízdy,Řidičem motorového vozidla,5/27/2018,Neděle,Den,Nezjišťováno,0,0,0,"Suchý, neznečištěný",Neztížené,Žádné,Osobní automobil,Ne,50000,16.6951423900001,49.1984698640001,1858494.7495760026,6308604.920688154
2238,Srážka s jedoucím nekolejovým vozidlem,Nesprávný způsob jízdy,Řidičem motorového vozidla,5/28/2018,Pondělí,Den,Ne,0,0,1,"Suchý, neznečištěný",Neztížené,Přechod pro chodce nebo v jeho blízkosti,Osobní automobil,Ne,0,16.6291606820001,49.2026124610001,1851149.6994397743,6309310.678713311
2241,Havárie,Nesprávný způsob jízdy,Řidičem nemotorového vozidla,5/28/2018,Pondělí,Den,Ne,0,0,1,"Suchý, neznečištěný",Neztížené,"Most, nadjezd, podjezd, tunel",Jízdní kolo,Ne,3000,16.628625678,49.1936270050001,1851090.1430669187,6307779.936710866
2245,Srážka s jedoucím nekolejovým vozidlem,Nedání přednosti v jizdě,Řidičem motorového vozidla,5/28/2018,Pondělí,Den,Ne,0,0,0,"Suchý, neznečištěný",Neztížené,Přechod pro chodce nebo v jeho blízkosti,Osobní automobil,Ne,150000,16.5744346830001,49.217935223,1845057.6290979383,6311921.671558632
2249,Srážka s chodcem,Nepřiměřená rychlost jízdy,Řidičem motorového vozidla,5/28/2018,Pondělí,Den,Ne,0,0,2,"Suchý, neznečištěný",Neztížené,Přechod pro chodce nebo v jeho blízkosti,Motocykl,Ne,5000,16.660233685,49.1905498400001,1854608.7303111479,6307255.781743557
2251,Srážka s jedoucím nekolejovým vozidlem,Nedání přednosti v jizdě,Řidičem motorového vozidla,5/29/2018,Úterý,Den,Ne,0,0,1,"Suchý, neznečištěný",Neztížené,Žádné,Osobní automobil,Ne,20000,16.6014396780001,49.212416954,1848063.811390216,6310981.267366061
2252,Jiný druh nehody,Nezaviněná řidičem,Jiné zavinění,5/29/2018,Úterý,Den,Nezjišťováno,0,0,1,"Suchý, neznečištěný",Neztížené,Zastávka MHD,Osobní automobil,Ne,10000,16.6182246880001,49.19180091,1849932.3101563735,6307468.881285526
2253,"Srážka s vozidlem zaparkovaným, odstaveným",Nesprávný způsob jízdy,Řidičem motorového vozidla,5/29/2018,Úterý,Noc,Nezjišťováno,0,0,0,"Suchý, neznečištěný",Neztížené,Žádné,"Nezjištěno, řidič ujel",Ne,0,16.6452006760001,49.193624001,1852935.2634041796,6307779.425002702
2254,Srážka s pevnou překážkou,Nesprávný způsob jízdy,Řidičem motorového vozidla,5/29/2018,Úterý,Den,Nezjišťováno,0,0,0,"Suchý, neznečištěný",Neztížené,Žádné,Nákladní automobil,Ne,0,16.6081036850001,49.1952560890001,1848805.645256097,6308057.443146117
2255,"Srážka s vozidlem zaparkovaným, odstaveným",Nesprávný způsob jízdy,Řidičem motorového vozidla,5/29/2018,Úterý,Noc,Nezjišťováno,0,0,0,"Suchý, neznečištěný",Neztížené,Žádné,Osobní automobil,Ne,1000,16.5519156820001,49.2174591960001,1842550.8253734473,6311840.544556694
2257,"Srážka s vozidlem zaparkovaným, odstaveným",Nesprávný způsob jízdy,Řidičem motorového vozidla,2/23/2018,Pátek,Noc,Nezjišťováno,0,0,0,"Suchý, neznečištěný",Neztížené,Přechod pro chodce nebo v jeho blízkosti,"Nezjištěno, řidič ujel",Ne,0,16.596405681,49.2008763740001,1847503.429407515,6309014.901174873
2258,Srážka s pevnou překážkou,Nesprávný způsob jízdy,Řidičem motorového vozidla,5/29/2018,Úterý,Noc,Nezjišťováno,0,0,0,"Suchý, neznečištěný",Neztížené,Žádné,"Nezjištěno, řidič ujel",Ne,0,16.6117376820001,49.193745006,1849210.1799516825,6307800.037292975
2260,"Srážka s vozidlem zaparkovaným, odstaveným",Nesprávný způsob jízdy,Řidičem motorového vozidla,5/29/2018,Úterý,Noc,Nezjišťováno,0,0,0,"Suchý, neznečištěný",Neztížené,Přechod pro chodce nebo v jeho blízkosti,"Nezjištěno, řidič ujel",Ne,0,16.6180326780001,49.1925819480001,1849910.9357009488,6307601.921210135
2261,Srážka s jedoucím nekolejovým vozidlem,Nedání přednosti v jizdě,Řidičem motorového vozidla,5/30/2018,Středa,Den,Ne,0,0,0,"Suchý, neznečištěný",Neztížené,Žádné,Osobní automobil,Ne,50000,16.5720626880001,49.21049486,1844793.5798223768,6310653.735448189
2262,Srážka s jedoucím nekolejovým vozidlem,Nepřiměřená rychlost jízdy,Řidičem motorového vozidla,5/30/2018,Středa,Den,Ne,0,0,1,"Suchý, neznečištěný",Neztížené,"Most, nadjezd, podjezd, tunel",Motocykl,Ne,30000,16.568915686,49.193976021,1844443.2571622059,6307839.389098114
2264,Srážka s pevnou překážkou,Nesprávný způsob jízdy,Řidičem motorového vozidla,5/30/2018,Středa,Den,Ne,0,0,0,"Suchý, neznečištěný",Neztížené,Žádné,Osobní automobil,Ne,30000,16.625275679,49.1912548810001,1850717.2228840783,6307375.873413117
2266,"Srážka s vozidlem zaparkovaným, odstaveným",Nesprávný způsob jízdy,Řidičem motorového vozidla,5/30/2018,Středa,Den,Nezjišťováno,0,0,0,"Suchý, neznečištěný",Neztížené,Přechod pro chodce nebo v jeho blízkosti,"Nezjištěno, řidič ujel",Ne,0,16.6579056850001,49.2064086570001,1854349.5785365836,6309957.473671456
2268,"Srážka s vozidlem zaparkovaným, odstaveným",Nesprávný způsob jízdy,Řidičem motorového vozidla,5/30/2018,Středa,Noc,Nezjišťováno,0,0,0,"Suchý, neznečištěný",Neztížené,Žádné,"Nezjištěno, řidič ujel",Ne,0,16.5724376900001,49.2087107740001,1844835.3248540629,6310349.731998539
2269,Srážka s pevnou překážkou,Nesprávný způsob jízdy,Řidičem motorového vozidla,5/30/2018,Středa,Den,Ne,0,0,0,"Suchý, neznečištěný",Neztížené,Výjezd z parkoviště,Osobní automobil,Ne,0,16.604452684,49.194629052,1848399.217683887,6307950.6293998035
2272,Srážka s tramvají,Nedání přednosti v jizdě,Řidičem motorového vozidla,5/31/2018,Čtvrtek,Den,Ne,0,0,1,"Suchý, neznečištěný",Neztížené,Železniční přejezd,Osobní automobil,Ne,50000,16.6435456840001,49.1909998630001,1852751.0305374728,6307332.4352631625
2273,"Srážka s vozidlem zaparkovaným, odstaveným",Nesprávný způsob jízdy,Řidičem motorového vozidla,5/31/2018,Čtvrtek,Noc,Nezjišťováno,0,0,0,"Suchý, neznečištěný",Neztížené,Přechod pro chodce nebo v jeho blízkosti,Nákladní automobil,Ne,0,16.5513836820001,49.2188852620001,1842491.6034043431,6312083.584491554
2274,Srážka s jedoucím nekolejovým vozidlem,Nedání přednosti v jizdě,Řidičem motorového vozidla,5/31/2018,Čtvrtek,Den,Ne,0,0,0,"Suchý, neznečištěný",Neztížené,Přechod pro chodce nebo v jeho blízkosti,Osobní automobil,Ne,150000,16.6248426820001,49.2223054310001,1850669.0218785275,6312666.501696443
2275,"Srážka s vozidlem zaparkovaným, odstaveným",Nesprávný způsob jízdy,Řidičem motorového vozidla,5/31/2018,Čtvrtek,Noc,Nezjišťováno,0,0,0,"Suchý, neznečištěný",Neztížené,Přechod pro chodce nebo v jeho blízkosti,"Nezjištěno, řidič ujel",Ne,0,16.6247256890001,49.2031044880001,1850655.9982773405,6309394.507354055
2279,"Srážka s vozidlem zaparkovaným, odstaveným",Nesprávný způsob jízdy,Řidičem motorového vozidla,6/1/2018,Pátek,Den,Ne,0,0,0,"Suchý, neznečištěný",Neztížené,Přechod pro chodce nebo v jeho blízkosti,Osobní automobil,Ne,5000,16.5822406890001,49.214982073,1845926.5897109886,6311418.392958051
2283,"Srážka s vozidlem zaparkovaným, odstaveným",Nesprávný způsob jízdy,Řidičem motorového vozidla,6/1/2018,Pátek,Noc,Nezjišťováno,0,0,0,"Suchý, neznečištěný",Neztížené,Žádné,"Nezjištěno, řidič ujel",Ne,0,16.583874684,49.2225854370001,1846108.4852023432,6312714.226363083
2285,Srážka s chodcem,Nepřiměřená rychlost jízdy,Řidičem motorového vozidla,6/2/2018,Sobota,Noc,Ne,0,1,1,"Suchý, neznečištěný",Neztížené,Žádné,Osobní automobil,Ne,40000,16.606844687,49.198044232,1848665.4942398246,6308532.410780317
2288,Havárie,Nesprávný způsob jízdy,Řidičem nemotorového vozidla,6/2/2018,Sobota,Den,Ne,0,1,0,"Suchý, neznečištěný",Neztížené,Přechod pro chodce nebo v jeho blízkosti,Jízdní kolo,Ne,500,16.5322586790001,49.229752777,1840362.6178089632,6313935.931220706
2289,"Srážka s vozidlem zaparkovaným, odstaveným",Nesprávný způsob jízdy,Řidičem motorového vozidla,6/2/2018,Sobota,Noc,Ne,0,0,0,"Suchý, neznečištěný",Neztížené,Žádné,Osobní automobil,Ne,10000,16.610868683,49.1970531850001,1849113.4434254987,6308363.58020018
2291,Srážka s pevnou překážkou,Nepřiměřená rychlost jízdy,Řidičem motorového vozidla,6/3/2018,Neděle,Den,Ne,0,0,1,Mokrý,Déšť,Zastávka MHD,Osobní automobil,Ano,150000,16.662202903,49.206374156,1854827.942656169,6309951.595175805
2292,"Srážka s vozidlem zaparkovaným, odstaveným",Nesprávný způsob jízdy,Řidičem motorového vozidla,6/3/2018,Neděle,Noc,Nezjišťováno,0,0,0,"Suchý, neznečištěný",Neztížené,Přechod pro chodce nebo v jeho blízkosti,"Nezjištěno, řidič ujel",Ne,0,16.6753836770001,49.206800673,1856295.2197061137,6310024.2680915985
2293,"Srážka s vozidlem zaparkovaným, odstaveným",Nesprávný způsob jízdy,Řidičem motorového vozidla,6/4/2018,Pondělí,Noc,Pod vlivem alkoholu,0,0,0,"Suchý, znečištěný (písek, prach, štěrk, atd.)",Neztížené,Přechod pro chodce nebo v jeho blízkosti,Osobní automobil,Ne,1000,16.6440886890001,49.2145000510001,1852811.4775775706,6311336.249169898
2294,Srážka s jedoucím nekolejovým vozidlem,Nedání přednosti v jizdě,Řidičem motorového vozidla,6/4/2018,Pondělí,Den,Ne,0,0,1,"Suchý, neznečištěný",Neztížené,Žádné,Osobní automobil,Ne,70000,16.5947766840001,49.195419094,1847322.0902909765,6308085.210747965
2295,"Srážka s vozidlem zaparkovaným, odstaveným",Nesprávný způsob jízdy,Řidičem motorového vozidla,5/31/2018,Čtvrtek,Noc,Nezjišťováno,0,0,0,"Suchý, neznečištěný",Neztížené,Přechod pro chodce nebo v jeho blízkosti,"Nezjištěno, řidič ujel",Ne,0,16.592010685,49.2149360720001,1847014.1806907596,6311410.5536622
2297,Jiný druh nehody,Nesprávný způsob jízdy,Řidičem motorového vozidla,6/4/2018,Pondělí,Den,Ne,0,0,1,"Suchý, neznečištěný",Neztížené,Přechod pro chodce nebo v jeho blízkosti,Nákladní automobil,Ne,0,16.5998296880001,49.218352237,1847884.5881232317,6311992.741899655
2298,"Srážka s vozidlem zaparkovaným, odstaveným",Nesprávný způsob jízdy,Řidičem motorového vozidla,6/3/2018,Neděle,Noc,Nezjišťováno,0,0,0,"Suchý, neznečištěný",Neztížené,Žádné,"Nezjištěno, řidič ujel",Ne,0,16.604474688,49.194979071,1848401.6671579643,6308010.253849367
2300,Srážka s jedoucím nekolejovým vozidlem,Nedání přednosti v jizdě,Řidičem motorového vozidla,6/4/2018,Pondělí,Den,Ne,0,0,0,"Suchý, neznečištěný",Neztížené,Žádné,Osobní automobil,Ne,20000,16.570240664,49.1938652640001,1844590.7530384795,6307820.52238739
2301,"Srážka s vozidlem zaparkovaným, odstaveným",Nesprávný způsob jízdy,Řidičem motorového vozidla,6/4/2018,Pondělí,Noc,Nezjišťováno,0,0,0,"Suchý, neznečištěný",Neztížené,Žádné,"Nezjištěno, řidič ujel",Ne,0,16.6172206850001,49.2065706590001,1849820.5450536595,6309985.076637879
2302,Srážka s pevnou překážkou,Nesprávný způsob jízdy,Řidičem motorového vozidla,6/4/2018,Pondělí,Den,Nezjišťováno,0,0,0,"Suchý, neznečištěný",Neztížené,Žádné,Osobní automobil,Ne,1000,16.6118106870001,49.1940700230001,1849218.3068311068,6307855.401740324
2303,Srážka s pevnou překážkou,Nesprávný způsob jízdy,Řidičem motorového vozidla,6/5/2018,Úterý,Noc,Ne,0,0,1,"Suchý, neznečištěný",Neztížené,Žádné,Osobní automobil,Ne,150000,16.6439406860001,49.214418046,1852795.0019589753,6311322.274366014
2305,Srážka s jedoucím nekolejovým vozidlem,Nedání přednosti v jizdě,Řidičem motorového vozidla,6/5/2018,Úterý,Den,Pod vlivem alkoholu,0,0,1,"Suchý, neznečištěný",Neztížené,Přechod pro chodce nebo v jeho blízkosti,Osobní automobil,Ne,70000,16.6503946880001,49.1957931160001,1853513.4581751942,6308148.925053405
2306,"Srážka s vozidlem zaparkovaným, odstaveným",Nesprávný způsob jízdy,Řidičem motorového vozidla,6/3/2018,Neděle,Den,Nezjišťováno,0,0,0,"Suchý, neznečištěný",Neztížené,Přechod pro chodce nebo v jeho blízkosti,Osobní automobil,Ne,0,16.5878976880001,49.2217013950001,1846556.323959086,6312563.549763681
2309,Srážka s jedoucím nekolejovým vozidlem,Nedání přednosti v jizdě,Řidičem motorového vozidla,6/5/2018,Úterý,Den,Ne,0,0,1,"Suchý, neznečištěný",Neztížené,Přechod pro chodce nebo v jeho blízkosti,Osobní automobil,Ne,50000,16.614093688,49.200981384,1849472.4493399037,6309032.791457506
2314,"Srážka s vozidlem zaparkovaným, odstaveným",Nesprávný způsob jízdy,Řidičem motorového vozidla,6/6/2018,Středa,Den,Ne,0,0,0,"Suchý, neznečištěný",Neztížené,Přechod pro chodce nebo v jeho blízkosti,Nákladní automobil,Ne,1000,16.597250677,49.2105798600001,1847597.493931959,6310668.219493063
2315,"Srážka s vozidlem zaparkovaným, odstaveným",Nesprávný způsob jízdy,Řidičem motorového vozidla,6/6/2018,Středa,Noc,Nezjišťováno,0,0,0,"Suchý, neznečištěný",Neztížené,Přechod pro chodce nebo v jeho blízkosti,"Nezjištěno, řidič ujel",Ne,0,16.5939806850001,49.2108758790001,1847233.4800876256,6310718.66148132
2316,Srážka s jedoucím nekolejovým vozidlem,Nesprávný způsob jízdy,Řidičem motorového vozidla,6/6/2018,Středa,Den,Ne,0,1,0,"Suchý, neznečištěný",Neztížené,Zastávka MHD,Osobní automobil,Ne,0,16.6039036810001,49.1922919340001,1848338.1029494894,6307552.520755644
2319,Srážka s jedoucím nekolejovým vozidlem,Nepřiměřená rychlost jízdy,Řidičem motorového vozidla,6/6/2018,Středa,Den,Nezjišťováno,0,0,0,"Suchý, neznečištěný",Neztížené,Přechod pro chodce nebo v jeho blízkosti,Osobní automobil,Ne,0,16.626036685,49.202800472,1850801.9376844894,6309342.710813433
2320,"Srážka s vozidlem zaparkovaným, odstaveným",Nesprávný způsob jízdy,Řidičem motorového vozidla,6/6/2018,Středa,Noc,Nezjišťováno,0,0,0,"Suchý, neznečištěný",Neztížené,Přechod pro chodce nebo v jeho blízkosti,"Nezjištěno, řidič ujel",Ne,0,16.602109689,49.208128738,1848138.3966735569,6310250.557004812
2323,Srážka s jedoucím nekolejovým vozidlem,Nesprávný způsob jízdy,Řidičem motorového vozidla,6/7/2018,Čtvrtek,Den,Nezjišťováno,0,0,0,"Suchý, neznečištěný",Neztížené,Žádné,"Nezjištěno, řidič ujel",Ne,0,16.617687679,49.228997743,1849872.530587939,6313807.223978834
2327,Srážka s jedoucím nekolejovým vozidlem,Nedání přednosti v jizdě,Řidičem motorového vozidla,6/8/2018,Pátek,Den,Ne,0,0,0,Mokrý,Déšť,Žádné,Nákladní automobil,Ne,10000,16.5779826890001,49.2149750770001,1845452.5913191913,6311417.200728856
2328,"Srážka s vozidlem zaparkovaným, odstaveným",Nesprávný způsob jízdy,Řidičem motorového vozidla,6/8/2018,Pátek,Noc,Nezjišťováno,0,0,0,Mokrý,Neztížené,Přechod pro chodce nebo v jeho blízkosti,"Nezjištěno, řidič ujel",Ne,0,16.601302682,49.2111578860001,1848048.5610652512,6310766.7160891015
2329,"Srážka s vozidlem zaparkovaným, odstaveným",Nesprávný způsob jízdy,Řidičem motorového vozidla,6/8/2018,Pátek,Den,Ne,0,0,0,"Suchý, neznečištěný",Neztížené,Přechod pro chodce nebo v jeho blízkosti,Osobní automobil,Ne,15000,16.6041346810001,49.1908428620001,1848363.817751861,6307305.6928191725
2330,"Srážka s vozidlem zaparkovaným, odstaveným",Nesprávný způsob jízdy,Řidičem motorového vozidla,6/8/2018,Pátek,Noc,Nezjišťováno,0,0,0,"Suchý, neznečištěný",Neztížené,Žádné,"Nezjištěno, řidič ujel",Ne,0,16.596773684,49.1997223220001,1847544.3953140862,6308818.290817303
2332,Havárie,Nepřiměřená rychlost jízdy,Řidičem motorového vozidla,6/8/2018,Pátek,Den,Ne,0,0,1,"Suchý, neznečištěný",Neztížené,"Most, nadjezd, podjezd, tunel",Motocykl,Ano,10000,16.579904856,49.2156381730001,1845666.5659708483,6311530.203539042
2336,"Srážka s vozidlem zaparkovaným, odstaveným",Nesprávný způsob jízdy,Řidičem motorového vozidla,6/8/2018,Pátek,Den,Nezjišťováno,0,0,0,"Suchý, neznečištěný",Neztížené,Přechod pro chodce nebo v jeho blízkosti,Osobní automobil,Ne,0,16.5833416780001,49.2156541090001,1846049.1512458383,6311532.919322507
2337,"Srážka s vozidlem zaparkovaným, odstaveným",Nesprávný způsob jízdy,Řidičem motorového vozidla,6/8/2018,Pátek,Den,Nezjišťováno,0,0,0,"Suchý, neznečištěný",Neztížené,Přechod pro chodce nebo v jeho blízkosti,Osobní automobil,Ne,1000,16.653645678,49.2197153070001,1853875.356726565,6312225.049674217
2338,"Srážka s vozidlem zaparkovaným, odstaveným",Nesprávný způsob jízdy,Řidičem motorového vozidla,5/27/2018,Neděle,Den,Nezjišťováno,0,0,0,"Suchý, neznečištěný",Neztížené,Žádné,"Nezjištěno, řidič ujel",Ne,0,16.588130677,49.1939140200001,1846582.2601759247,6307828.827639176
2339,Srážka s pevnou překážkou,Nesprávný způsob jízdy,Řidičem motorového vozidla,6/9/2018,Sobota,Noc,Pod vlivem alkoholu,0,0,0,Mokrý,Neztížené,Zastávka MHD,Osobní automobil,Ne,20000,16.613633689,49.192134928,1849421.2424854594,6307525.776761498
2342,"Srážka s vozidlem zaparkovaným, odstaveným",Nesprávný způsob jízdy,Řidičem motorového vozidla,6/9/2018,Sobota,Noc,Nezjišťováno,0,0,0,"Suchý, neznečištěný",Neztížené,Výjezd z parkoviště,Osobní automobil,Ne,20000,16.558247684,49.2233244720001,1843255.7006117853,6312840.189959105
2344,"Srážka s vozidlem zaparkovaným, odstaveným",Nesprávný způsob jízdy,Řidičem motorového vozidla,6/9/2018,Sobota,Den,Nezjišťováno,0,0,0,"Suchý, neznečištěný",Neztížené,Přechod pro chodce nebo v jeho blízkosti,Osobní automobil,Ne,5000,16.6643806820001,49.206500657,1855070.3719055112,6309973.149225541
2346,Srážka s jedoucím nekolejovým vozidlem,Nedání přednosti v jizdě,Řidičem motorového vozidla,6/10/2018,Neděle,Den,Ne,0,0,2,"Suchý, neznečištěný",Neztížené,Přechod pro chodce nebo v jeho blízkosti,Osobní automobil,Ne,170000,16.623586677,49.2044215540001,1850529.2040414922,6309618.90534877
2348,Srážka s jedoucím nekolejovým vozidlem,Nesprávný způsob jízdy,Řidičem motorového vozidla,6/10/2018,Neděle,Den,Ne,0,0,1,Mokrý,Neztížené,Žádné,Osobní automobil,Ne,30000,16.5609016820001,49.212800971,1843551.142317715,6311046.706807741
2350,Srážka s jedoucím nekolejovým vozidlem,Nedání přednosti v jizdě,Řidičem motorového vozidla,6/11/2018,Pondělí,Den,Ne,0,0,2,"Suchý, neznečištěný",Neztížené,Výjezd z parkoviště,Osobní automobil,Ne,0,16.603115685,49.2076687150001,1848250.3836360173,6310172.173026239
2352,Srážka s pevnou překážkou,Nesprávný způsob jízdy,Řidičem motorového vozidla,6/11/2018,Pondělí,Den,Ne,0,0,0,"Suchý, neznečištěný",Neztížené,Přechod pro chodce nebo v jeho blízkosti,Nákladní automobil,Ne,5000,16.620129677,49.1914548890001,1850144.372561817,6307409.941664965
2353,"Srážka s vozidlem zaparkovaným, odstaveným",Nesprávný způsob jízdy,Řidičem motorového vozidla,6/9/2018,Sobota,Noc,Nezjišťováno,0,0,0,"Suchý, neznečištěný",Neztížené,Žádné,"Nezjištěno, řidič ujel",Ne,0,16.6059036830001,49.196084129,1848560.7421537135,6308198.499184906
2355,"Srážka s vozidlem zaparkovaným, odstaveným",Nesprávný způsob jízdy,Řidičem motorového vozidla,6/11/2018,Pondělí,Noc,Nezjišťováno,0,0,0,"Suchý, neznečištěný",Neztížené,Přechod pro chodce nebo v jeho blízkosti,"Nezjištěno, řidič ujel",Ne,0,16.6279126860001,49.2026504630001,1851010.7731605403,6309317.153238859
2357,"Srážka s vozidlem zaparkovaným, odstaveným",Nesprávný způsob jízdy,Řidičem motorového vozidla,6/11/2018,Pondělí,Noc,Nezjišťováno,0,0,0,"Suchý, neznečištěný",Neztížené,Žádné,"Nezjištěno, řidič ujel",Ne,0,16.6303536770001,49.2177562100001,1851282.503035693,6311891.1631386615
2358,Srážka s jedoucím nekolejovým vozidlem,Nepřiměřená rychlost jízdy,Řidičem motorového vozidla,6/12/2018,Úterý,Den,Ne,0,0,0,"Suchý, neznečištěný",Neztížené,Žádné,Osobní automobil,Ne,150000,16.6075356850001,49.2020064330001,1848742.415785328,6309207.4284049515