OBJECTID,DruhNehody,HlavniPricina,Zavineni,Datum,Den,DenNoc,Alkohol,Usmrceno,Tezce,Lehce,StavPovrchu,Pocasi,SpecifikaceMista,DruhVozidla,Smyk,Skoda,X,Y,x,y
2359,Srážka s jedoucím nekolejovým vozidlem,Nepřiměřená rychlost jízdy,Řidičem motorového vozidla,6/12/2018,Úterý,Den,Ne,0,0,0,"Suchý, neznečištěný",Neztížené,Zastávka MHD,Osobní automobil,Ne,30000,16.5543896830001,49.219347283,1842826.229904989,6312162.326778787
2360,"Srážka s vozidlem zaparkovaným, odstaveným",Nesprávný způsob jízdy,Řidičem motorového vozidla,6/12/2018,Úterý,Den,Ne,0,0,0,"Suchý, neznečištěný",Neztížené,Přechod pro chodce nebo v jeho blízkosti,Osobní automobil,Ne,40000,16.6133326790001,49.198314243,1849387.7342055372,6308578.409299982
2361,Srážka s pevnou překážkou,Nesprávný způsob jízdy,Řidičem motorového vozidla,6/12/2018,Úterý,Den,Ne,0,0,0,"Suchý, neznečištěný",Neztížené,Žádné,Nákladní automobil,Ne,10000,16.6090866760001,49.194246036,1848915.0713136713,6307885.384516058
2362,Srážka s jedoucím nekolejovým vozidlem,Nesprávný způsob jízdy,Řidičem motorového vozidla,6/12/2018,Úterý,Den,Nezjišťováno,0,0,0,"Suchý, neznečištěný",Neztížené,Zastávka MHD,Motocykl,Ne,0,16.641235679,49.2076297150001,1852493.8819571396,6310165.52779385
2364,Havárie,Nepřiměřená rychlost jízdy,Řidičem motorového vozidla,6/13/2018,Středa,Noc,Nezjišťováno,0,0,0,Mokrý,Neztížené,Žádné,Osobní automobil,Ne,10000,16.6435976760001,49.201424402,1852756.8182604392,6309108.267708794
2365,"Srážka s vozidlem zaparkovaným, odstaveným",Nesprávný způsob jízdy,Řidičem motorového vozidla,6/13/2018,Středa,Noc,Nezjišťováno,0,0,0,"Suchý, neznečištěný",Neztížené,Přechod pro chodce nebo v jeho blízkosti,"Nezjištěno, řidič ujel",Ne,0,16.588853688,49.2158701220001,1846662.7453922813,6311569.731942365
2366,Srážka s jedoucím nekolejovým vozidlem,Nedání přednosti v jizdě,Řidičem motorového vozidla,6/13/2018,Středa,Den,Ne,0,0,2,"Suchý, neznečištěný",Neztížené,Přechod pro chodce nebo v jeho blízkosti,Nákladní automobil,Ne,40000,16.548299684,49.219064272,1842148.294317373,6312114.093097174
2367,Srážka s jedoucím nekolejovým vozidlem,Nesprávný způsob jízdy,Řidičem motorového vozidla,6/13/2018,Středa,Den,Nezjišťováno,0,0,0,"Suchý, neznečištěný",Neztížené,Přechod pro chodce nebo v jeho blízkosti,Osobní automobil,Ne,0,16.5981276800001,49.204922579,1847695.121459346,6309704.270146082
2370,"Srážka s vozidlem zaparkovaným, odstaveným",Nesprávný způsob jízdy,Řidičem motorového vozidla,6/13/2018,Středa,Noc,Nezjišťováno,0,0,0,"Suchý, neznečištěný",Neztížené,Přechod pro chodce nebo v jeho blízkosti,"Nezjištěno, řidič ujel",Ne,0,16.55317869,49.218330236,1842691.4227808716,6311988.992325732
2371,"Srážka s vozidlem zaparkovaným, odstaveným",Nesprávný způsob jízdy,Řidičem motorového vozidla,6/13/2018,Středa,Den,Ne,0,0,0,"Suchý, neznečištěný",Neztížené,Přechod pro chodce nebo v jeho blízkosti,Osobní automobil,Ne,10000,16.660123674,49.20542261,1854596.4839426456,6309789.466447754
2373,Srážka s jedoucím nekolejovým vozidlem,Nesprávný způsob jízdy,Řidičem motorového vozidla,6/14/2018,Čtvrtek,Den,Nezjišťováno,0,0,0,"Suchý, neznečištěný",Neztížené,Přechod pro chodce nebo v jeho blízkosti,Osobní automobil,Ne,0,16.5955436790001,49.204415554,1847407.4717838166,6309617.8830721155
2375,Srážka s jedoucím nekolejovým vozidlem,Nedání přednosti v jizdě,Řidičem motorového vozidla,6/14/2018,Čtvrtek,Den,Ne,0,0,0,"Suchý, neznečištěný",Neztížené,Zastávka MHD,Osobní automobil,Ne,120000,16.5659736850001,49.1933959880001,1844115.755108978,6307740.58484269
2377,Srážka s jedoucím nekolejovým vozidlem,Nedání přednosti v jizdě,Řidičem motorového vozidla,6/14/2018,Čtvrtek,Den,Ne,0,0,1,"Suchý, neznečištěný",Neztížené,Žádné,Osobní automobil,Ne,0,16.655491684,49.1968671760001,1854080.8531744853,6308331.892869798
2378,"Srážka s vozidlem zaparkovaným, odstaveným",Nesprávný způsob jízdy,Řidičem motorového vozidla,6/14/2018,Čtvrtek,Noc,Nezjišťováno,0,0,0,"Suchý, neznečištěný",Neztížené,Žádné,"Nezjištěno, řidič ujel",Ne,0,16.6018076780001,49.1904788350001,1848104.7769628256,6307243.687351719
2379,Srážka s pevnou překážkou,Nepřiměřená rychlost jízdy,Řidičem motorového vozidla,6/14/2018,Čtvrtek,Den,Nezjišťováno,0,0,0,"Suchý, neznečištěný",Neztížené,Žádné,Osobní automobil,Ne,20000,16.653235678,49.2204253400001,1853829.7157353407,6312346.063008526
2380,Srážka s jedoucím nekolejovým vozidlem,Nedání přednosti v jizdě,Řidičem motorového vozidla,6/14/2018,Čtvrtek,Noc,Ne,0,0,1,"Suchý, neznečištěný",Neztížené,Přechod pro chodce nebo v jeho blízkosti,Osobní automobil,Ne,20000,16.61617568,49.1963371470001,1849704.2156291793,6308241.601096455
2381,"Srážka s vozidlem zaparkovaným, odstaveným",Nesprávný způsob jízdy,Řidičem motorového vozidla,1/30/2018,Úterý,Den,Nezjišťováno,0,0,0,"Suchý, neznečištěný",Neztížené,Žádné,Osobní automobil,Ne,0,16.59234236,49.226792361,1847051.1025828666,6313431.293715264
2382,Srážka s pevnou překážkou,Nesprávný způsob jízdy,Řidičem motorového vozidla,6/14/2018,Čtvrtek,Den,Nezjišťováno,0,0,0,"Suchý, neznečištěný",Neztížené,Žádné,Autobus,Ne,10000,16.6042036810001,49.195174083,1848371.4987967252,6308043.473609488
2383,Srážka s pevnou překážkou,Nesprávný způsob jízdy,Řidičem motorového vozidla,6/15/2018,Pátek,Den,Ne,0,0,0,"Suchý, neznečištěný",Neztížené,Žádné,Nákladní automobil,Ne,0,16.60883668,49.197198185,1848887.2418862472,6308388.281576344
2384,Jiný druh nehody,Nesprávný způsob jízdy,Řidičem motorového vozidla,6/15/2018,Pátek,Den,Ne,0,0,1,"Suchý, neznečištěný",Neztížené,Žádné,Osobní automobil,Ne,0,16.5706359910001,49.193696785,1844634.7606388205,6307791.823202811
2386,Srážka s jedoucím nekolejovým vozidlem,Nesprávný způsob jízdy,Řidičem nemotorového vozidla,6/15/2018,Pátek,Den,Pod vlivem alkoholu,0,0,0,"Suchý, neznečištěný",Neztížené,Žádné,Jízdní kolo,Ne,0,16.6491636850001,49.1939870210001,1853376.4235480705,6307841.262876512
2388,"Srážka s vozidlem zaparkovaným, odstaveným",Nesprávný způsob jízdy,Řidičem motorového vozidla,6/15/2018,Pátek,Noc,Nezjišťováno,0,0,0,"Suchý, neznečištěný",Neztížené,Žádné,"Nezjištěno, řidič ujel",Ne,0,16.577525688,49.193623007,1845401.7182005763,6307779.255682498
2389,Srážka s pevnou překážkou,Nesprávný způsob jízdy,Řidičem motorového vozidla,6/15/2018,Pátek,Den,Ne,0,0,0,"Suchý, neznečištěný",Neztížené,Zastávka MHD,Autobus,Ne,10000,16.6142716800001,49.192832964,1849492.2633187124,6307644.679050429
2390,"Srážka s vozidlem zaparkovaným, odstaveným",Nesprávný způsob jízdy,Řidičem motorového vozidla,6/15/2018,Pátek,Den,Pod vlivem alkoholu,0,0,0,"Suchý, neznečištěný",Neztížené,Přechod pro chodce nebo v jeho blízkosti,Osobní automobil,Ne,40000,16.598814684,49.2063076530001,1847771.5983947974,6309940.263991296
2391,Srážka s jedoucím nekolejovým vozidlem,Nedání přednosti v jizdě,Řidičem motorového vozidla,6/15/2018,Pátek,Den,Ne,0,0,1,"Suchý, neznečištěný",Neztížené,Žádné,Osobní automobil,Ne,20000,16.6077726780001,49.198674268,1848768.797725408,6308639.742810552
2393,"Srážka s vozidlem zaparkovaným, odstaveným",Nesprávný způsob jízdy,Řidičem motorového vozidla,6/16/2018,Sobota,Noc,Nezjišťováno,0,0,0,"Suchý, neznečištěný",Neztížené,Přechod pro chodce nebo v jeho blízkosti,"Nezjištěno, řidič ujel",Ne,0,16.554964684,49.2220544190001,1842890.2387235102,6312623.71904301
2394,Srážka s jedoucím nekolejovým vozidlem,Nesprávný způsob jízdy,Řidičem motorového vozidla,6/16/2018,Sobota,Den,Pod vlivem alkoholu,0,0,0,"Suchý, neznečištěný",Neztížené,Žádné,Nákladní automobil,Ne,50000,16.572971685,49.214081035,1844894.768905544,6311264.843201213
2396,"Srážka s vozidlem zaparkovaným, odstaveným",Nesprávný způsob jízdy,Řidičem motorového vozidla,6/16/2018,Sobota,Den,Nezjišťováno,0,0,0,"Suchý, neznečištěný",Neztížené,Žádné,"Nezjištěno, řidič ujel",Ne,0,16.6019296810001,49.1922139270001,1848118.3582746612,6307539.2332353145
2398,"Srážka s vozidlem zaparkovaným, odstaveným",Nesprávný způsob jízdy,Řidičem motorového vozidla,6/16/2018,Sobota,Noc,Nezjišťováno,0,0,0,"Suchý, neznečištěný",Neztížené,Přechod pro chodce nebo v jeho blízkosti,"Nezjištěno, řidič ujel",Ne,0,16.5720416890001,49.2191772830001,1844791.2422243878,6312133.353575459
2401,Srážka s pevnou překážkou,Nepřiměřená rychlost jízdy,Řidičem motorového vozidla,6/16/2018,Sobota,Den,Nezjišťováno,0,0,0,"Suchý, neznečištěný",Neztížené,Žádné,"Nezjištěno, řidič ujel",Ne,0,16.6719206810001,49.204249546,1855909.7207547748,6309589.598770983
2403,Srážka s jedoucím nekolejovým vozidlem,Nedání přednosti v jizdě,Řidičem motorového vozidla,6/17/2018,Neděle,Noc,Ne,0,0,2,"Suchý, neznečištěný",Neztížené,Přechod pro chodce nebo v jeho blízkosti,Osobní automobil,Ne,20000,16.663550677,49.2087537690001,1854977.9761715543,6310357.058101746
2406,Havárie,Nesprávný způsob jízdy,Řidičem nemotorového vozidla,6/17/2018,Neděle,Den,Ne,0,0,1,"Suchý, neznečištěný",Neztížené,Žádné,Jízdní kolo,Ne,2000,16.612771685,49.20077637,1849325.2846391178,6308997.86378684
2407,Srážka s jedoucím nekolejovým vozidlem,Nesprávný způsob jízdy,Řidičem motorového vozidla,6/18/2018,Pondělí,Den,Ne,0,0,1,"Suchý, neznečištěný",Neztížené,"Most, nadjezd, podjezd, tunel",Osobní automobil,Ne,30000,16.632349682,49.21445105,1851504.69729591,6311327.898708413
2409,"Srážka s vozidlem zaparkovaným, odstaveným",Nesprávný způsob jízdy,Řidičem motorového vozidla,6/18/2018,Pondělí,Noc,Nezjišťováno,0,0,0,"Suchý, neznečištěný",Neztížené,Žádné,"Nezjištěno, řidič ujel",Ne,0,16.6626326590001,49.2065725100001,1854875.782875256,6309985.392023955
2410,"Srážka s vozidlem zaparkovaným, odstaveným",Nesprávný způsob jízdy,Řidičem motorového vozidla,6/18/2018,Pondělí,Noc,Nezjišťováno,0,0,0,"Suchý, neznečištěný",Neztížené,Žádné,"Nezjištěno, řidič ujel",Ne,0,16.6211806800001,49.191284884,1850261.3696806037,6307380.983948708
2416,Srážka s jedoucím nekolejovým vozidlem,Nedání přednosti v jizdě,Řidičem motorového vozidla,6/18/2018,Pondělí,Den,Ne,0,0,0,"Suchý, neznečištěný",Neztížené,Žádné,Nákladní automobil,Ne,80000,16.6502116840001,49.195613103,1853493.0862631,6308118.25994344
2417,Srážka s jedoucím nekolejovým vozidlem,Nesprávný způsob jízdy,Řidičem motorového vozidla,6/18/2018,Pondělí,Den,Ne,0,0,0,"Suchý, neznečištěný",Neztížené,Žádné,Osobní automobil,Ne,50000,16.601304686,49.2001873400001,1848048.784149512,6308897.513173281
2424,"Srážka s vozidlem zaparkovaným, odstaveným",Nesprávný způsob jízdy,Řidičem motorového vozidla,6/19/2018,Úterý,Noc,Nezjišťováno,0,0,0,"Suchý, neznečištěný",Neztížené,Přechod pro chodce nebo v jeho blízkosti,"Nezjištěno, řidič ujel",Ne,0,16.624449677,49.2236324850001,1850625.2727620446,6312892.68928071
2426,Srážka s jedoucím nekolejovým vozidlem,Nedání přednosti v jizdě,Řidičem motorového vozidla,6/19/2018,Úterý,Den,Ne,0,0,0,"Suchý, neznečištěný",Neztížené,"Most, nadjezd, podjezd, tunel",Nákladní automobil,Ne,20000,16.56936369,49.193713008,1844493.1287393614,6307794.586669798
2430,"Srážka s vozidlem zaparkovaným, odstaveným",Nesprávný způsob jízdy,Řidičem nemotorového vozidla,6/19/2018,Úterý,Den,Nezjišťováno,0,0,0,"Suchý, neznečištěný",Neztížené,Žádné,Jízdní kolo,Ne,1000,16.5816546830001,49.2114079020001,1845861.3558214675,6310809.319589959
2432,Srážka s jedoucím nekolejovým vozidlem,Nesprávný způsob jízdy,Řidičem motorového vozidla,6/20/2018,Středa,Den,Ne,0,0,0,"Suchý, neznečištěný",Neztížené,Žádné,Osobní automobil,Ne,30000,16.5691896770001,49.194464049,1844473.757700811,6307922.521891822
2433,Srážka s pevnou překážkou,Nesprávný způsob jízdy,Řidičem motorového vozidla,6/20/2018,Středa,Den,Ne,0,0,0,"Suchý, neznečištěný",Neztížené,Žádné,Osobní automobil,Ne,60000,16.604569676,49.194773066,1848412.2411737558,6307975.1616040515
2434,"Srážka s vozidlem zaparkovaným, odstaveným",Nesprávný způsob jízdy,Řidičem motorového vozidla,6/16/2018,Sobota,Den,Nezjišťováno,0,0,0,"Suchý, neznečištěný",Neztížené,Žádné,"Nezjištěno, řidič ujel",Ne,0,16.6798476750001,49.206883679,1856792.1496903766,6310038.411300733
2435,Srážka s pevnou překážkou,Nesprávný způsob jízdy,Řidičem motorového vozidla,6/20/2018,Středa,Den,Nezjišťováno,0,0,0,"Suchý, neznečištěný",Neztížené,Žádné,Motocykl,Ne,0,16.6049406870001,49.1944160460001,1848453.5419293577,6307914.344817469
2437,"Srážka s vozidlem zaparkovaným, odstaveným",Nesprávný způsob jízdy,Řidičem motorového vozidla,6/20/2018,Středa,Noc,Nezjišťováno,0,0,0,"Suchý, neznečištěný",Neztížené,Žádné,Osobní automobil,Ne,0,16.597384499,49.223886695,1847612.3909288568,6312936.018388463
2438,"Srážka s vozidlem zaparkovaným, odstaveným",Nesprávný způsob jízdy,Řidičem motorového vozidla,6/20/2018,Středa,Noc,Nezjišťováno,0,0,0,"Suchý, neznečištěný",Neztížené,Žádné,"Nezjištěno, řidič ujel",Ne,0,16.611754677,49.1912168750001,1849212.071826423,6307369.399697738
2439,Srážka s chodcem,Nezaviněná řidičem,Chodcem,6/20/2018,Středa,Den,Ne,0,1,0,"Suchý, neznečištěný",Neztížené,Přechod pro chodce nebo v jeho blízkosti,Tramvaj,Ne,0,16.60416307,49.1950998740001,1848366.9780008812,6308030.832294139
2440,Srážka s pevnou překážkou,Nesprávný způsob jízdy,Řidičem motorového vozidla,6/20/2018,Středa,Noc,Nezjišťováno,0,0,0,"Suchý, neznečištěný",Neztížené,Přechod pro chodce nebo v jeho blízkosti,"Nezjištěno, řidič ujel",Ne,0,16.6037886770001,49.198038232,1848325.300762769,6308531.38863549
2441,"Srážka s vozidlem zaparkovaným, odstaveným",Nesprávný způsob jízdy,Řidičem motorového vozidla,6/20/2018,Středa,Noc,Nezjišťováno,0,0,0,"Suchý, neznečištěný",Neztížené,Žádné,"Nezjištěno, řidič ujel",Ne,0,16.6048386890001,49.194261038,1848442.187563937,6307887.94002315
2446,Srážka s jedoucím nekolejovým vozidlem,Nedání přednosti v jizdě,Řidičem motorového vozidla,6/21/2018,Čtvrtek,Den,Ne,0,0,0,"Suchý, neznečištěný",Neztížené,Přechod pro chodce nebo v jeho blízkosti,Osobní automobil,Ne,20000,16.603011603,49.1973096040001,1848238.7972807758,6308407.262333347
2448,Srážka s pevnou překážkou,Nepřiměřená rychlost jízdy,Řidičem nemotorového vozidla,6/22/2018,Pátek,Noc,Pod vlivem alkoholu,0,0,1,"Suchý, neznečištěný",Neztížené,Žádné,Jízdní kolo,Ne,1000,16.5966096780001,49.221392382,1847526.1382496816,6312510.882055604
2449,Jiný druh nehody,Nepřiměřená rychlost jízdy,Řidičem motorového vozidla,6/22/2018,Pátek,Noc,Ne,0,0,0,"Suchý, neznečištěný",Neztížené,"Most, nadjezd, podjezd, tunel",Nákladní automobil,Ne,100000,16.6035546900001,49.2192582800001,1848299.2534490768,6312147.157930972
2450,Srážka s pevnou překážkou,Nesprávný způsob jízdy,Řidičem motorového vozidla,6/22/2018,Pátek,Den,Ne,0,0,0,"Suchý, neznečištěný",Neztížené,Přechod pro chodce nebo v jeho blízkosti,Nákladní automobil,Ne,1000,16.612395679,49.190693846,1849283.4278426615,6307280.310562312
2451,"Srážka s vozidlem zaparkovaným, odstaveným",Nesprávný způsob jízdy,Řidičem motorového vozidla,6/22/2018,Pátek,Noc,Nezjišťováno,0,0,0,"Suchý, neznečištěný",Neztížené,Přechod pro chodce nebo v jeho blízkosti,"Nezjištěno, řidič ujel",Ne,0,16.606076681,49.1919899210001,1848580.0002029797,6307501.076721252
2452,"Srážka s vozidlem zaparkovaným, odstaveným",Nesprávný způsob jízdy,Řidičem motorového vozidla,6/22/2018,Pátek,Noc,Nezjišťováno,0,0,0,"Suchý, neznečištěný",Neztížené,Přechod pro chodce nebo v jeho blízkosti,"Nezjištěno, řidič ujel",Ne,0,16.59734568,49.2243315200001,1847608.0696175438,6313011.837619364
2453,"Srážka s vozidlem zaparkovaným, odstaveným",Nesprávný způsob jízdy,Řidičem motorového vozidla,6/22/2018,Pátek,Den,Pod vlivem alkoholu,0,0,0,"Suchý, neznečištěný",Neztížené,Přechod pro chodce nebo v jeho blízkosti,Nákladní automobil,Ne,15000,16.625060687,49.201450406,1850693.290084114,6309112.697988707
2454,"Srážka s vozidlem zaparkovaným, odstaveným",Nesprávný způsob jízdy,Řidičem motorového vozidla,6/22/2018,Pátek,Den,Nezjišťováno,0,0,0,"Suchý, neznečištěný",Neztížené,Žádné,Osobní automobil,Ne,5000,16.596296678,49.2028074720001,1847491.2952490628,6309343.9034305895
2455,Srážka s tramvají,Nezaviněná řidičem,Chodcem,6/22/2018,Pátek,Den,Nezjišťováno,0,0,0,"Suchý, neznečištěný",Neztížené,Přechod pro chodce nebo v jeho blízkosti,Nákladní automobil,Ne,30000,16.6124246900001,49.1914018840001,1849286.6573324131,6307400.91307425
2456,"Srážka s vozidlem zaparkovaným, odstaveným",Nesprávný způsob jízdy,Řidičem motorového vozidla,6/22/2018,Pátek,Noc,Nezjišťováno,0,0,0,Mokrý,Neztížené,Žádné,"Nezjištěno, řidič ujel",Ne,0,16.5846446900001,49.22517056,1846194.2018781751,6313154.851599955
2458,"Srážka s vozidlem zaparkovaným, odstaveným",Nesprávný způsob jízdy,Řidičem motorového vozidla,6/23/2018,Sobota,Noc,Nezjišťováno,0,0,0,"Suchý, neznečištěný",Neztížené,Přechod pro chodce nebo v jeho blízkosti,"Nezjištěno, řidič ujel",Ne,0,16.6050696790001,49.1955000990001,1848467.9012531126,6308099.009834723
2459,Srážka s jedoucím nekolejovým vozidlem,Nedání přednosti v jizdě,Řidičem motorového vozidla,6/23/2018,Sobota,Den,Ne,0,0,2,"Suchý, neznečištěný",Neztížené,Přechod pro chodce nebo v jeho blízkosti,Osobní automobil,Ne,10000,16.588123685,49.2114319,1846581.481830044,6310813.408934824
2460,Srážka s jedoucím nekolejovým vozidlem,Nedání přednosti v jizdě,Řidičem motorového vozidla,6/23/2018,Sobota,Den,Ne,0,0,2,"Suchý, neznečištěný",Neztížené,Přechod pro chodce nebo v jeho blízkosti,Osobní automobil,Ne,60000,16.6504876830001,49.19585212,1853523.8103312391,6308158.976374802
2462,"Srážka s vozidlem zaparkovaným, odstaveným",Nesprávný způsob jízdy,Řidičem motorového vozidla,6/22/2018,Pátek,Noc,Nezjišťováno,0,0,0,"Suchý, neznečištěný",Neztížené,Přechod pro chodce nebo v jeho blízkosti,"Nezjištěno, řidič ujel",Ne,0,16.59703269,49.2146520580001,1847573.227730121,6311362.1533591775
2463,Srážka s jedoucím nekolejovým vozidlem,Nesprávný způsob jízdy,Řidičem motorového vozidla,6/24/2018,Neděle,Den,Nezjišťováno,0,0,0,"Suchý, neznečištěný",Neztížené,Žádné,"Nezjištěno, řidič ujel",Ne,0,16.654830679,49.2270426480001,1854007.2704344753,6313473.956889402
2466,Srážka s chodcem,Nesprávný způsob jízdy,Řidičem motorového vozidla,6/25/2018,Pondělí,Den,Ne,0,0,1,"Suchý, neznečištěný",Neztížené,Žádné,Nákladní automobil,Ne,0,16.592894685,49.218862266,1847112.587120619,6312079.665300097
2471,Srážka s jedoucím nekolejovým vozidlem,Nedání přednosti v jizdě,Řidičem motorového vozidla,6/25/2018,Pondělí,Den,Pod vlivem alkoholu,0,0,0,"Suchý, neznečištěný",Neztížené,Žádné,Osobní automobil,Ne,60000,16.6109356800001,49.201655417,1849120.901497427,6309147.625624306
2472,Srážka s jedoucím nekolejovým vozidlem,Nedání přednosti v jizdě,Řidičem motorového vozidla,6/25/2018,Pondělí,Den,Ne,0,0,1,"Suchý, neznečištěný",Neztížené,Žádné,Osobní automobil,Ne,30000,16.604636677,49.2078147290001,1848419.6996909578,6310197.052482057
2473,"Srážka s vozidlem zaparkovaným, odstaveným",Nesprávný způsob jízdy,Řidičem motorového vozidla,6/26/2018,Úterý,Noc,Ne,0,0,0,"Suchý, neznečištěný",Neztížené,Přechod pro chodce nebo v jeho blízkosti,Nákladní automobil,Ne,10000,16.6189386790001,49.205566617,1850011.7912709245,6309814.002813931
2476,Havárie,Nesprávný způsob jízdy,Řidičem motorového vozidla,6/26/2018,Úterý,Den,Ne,0,0,0,"Suchý, neznečištěný",Neztížené,Žádné,Osobní automobil,Ne,0,16.5503766840001,49.2131509880001,1842379.5048997554,6311106.352831525
2479,Srážka s lesní zvěří,Nezaviněná řidičem,"Lesní zvěří, domácim zvířetem",6/27/2018,Středa,Noc,Nezjišťováno,0,0,0,"Suchý, neznečištěný",Neztížené,Žádné,Osobní automobil,Ne,70000,16.651654686,49.209670814,1853653.7205109508,6310513.318865717
2481,Srážka s pevnou překážkou,Nesprávný způsob jízdy,Řidičem motorového vozidla,6/27/2018,Středa,Den,Ne,0,0,0,"Suchý, neznečištěný",Neztížené,Přechod pro chodce nebo v jeho blízkosti,Traktor,Ne,0,16.640541684,49.2012283970001,1852416.626787126,6309074.8745744815
2483,"Srážka s vozidlem zaparkovaným, odstaveným",Nesprávný způsob jízdy,Řidičem motorového vozidla,6/27/2018,Středa,Noc,Nezjišťováno,0,0,0,"Suchý, neznečištěný",Neztížené,Přechod pro chodce nebo v jeho blízkosti,"Nezjištěno, řidič ujel",Ne,0,16.57846369,49.2011353870001,1845506.136105579,6309059.0286198
2485,Srážka s jedoucím nekolejovým vozidlem,Nesprávný způsob jízdy,Řidičem motorového vozidla,6/27/2018,Středa,Den,Ne,0,0,0,"Suchý, neznečištěný",Neztížené,Žádné,Nákladní automobil,Ne,10000,16.567890687,49.196385148,1844329.1547954646,6308249.778147696
2488,Srážka s pevnou překážkou,Nesprávný způsob jízdy,Řidičem motorového vozidla,6/28/2018,Čtvrtek,Den,Pod vlivem alkoholu,0,0,0,Mokrý,Déšť,Přechod pro chodce nebo v jeho blízkosti,Osobní automobil,Ne,150000,16.6430946880001,49.1962961410001,1852700.8258924047,6308234.615661534
2490,Srážka s jedoucím nekolejovým vozidlem,Nedání přednosti v jizdě,Řidičem motorového vozidla,6/28/2018,Čtvrtek,Den,Ne,0,0,1,Mokrý,Neztížené,Žádné,Osobní automobil,Ne,80000,16.582579326,49.1900112450001,1845964.286609389,6307164.042454908
2492,Srážka s jedoucím nekolejovým vozidlem,Nedání přednosti v jizdě,Řidičem motorového vozidla,6/28/2018,Čtvrtek,Den,Ne,0,1,0,"Suchý, neznečištěný",Neztížené,Žádné,Osobní automobil,Ne,10000,16.6294606860001,49.220861358,1851183.0957322898,6312420.375897905
2496,Srážka s jedoucím nekolejovým vozidlem,Nedání přednosti v jizdě,Řidičem motorového vozidla,6/29/2018,Pátek,Den,Ne,0,0,1,"Suchý, neznečištěný",Neztížené,Žádné,Osobní automobil,Ne,30000,16.5866756890001,49.2232134660001,1846420.2916526569,6312821.269605138
2498,Srážka s jedoucím nekolejovým vozidlem,Nedání přednosti v jizdě,Řidičem nemotorového vozidla,6/29/2018,Pátek,Den,Ne,0,0,1,"Suchý, neznečištěný",Neztížené,Žádné,Jízdní kolo,Ne,0,16.6385446790001,49.199672315,1852194.3212074183,6308809.771465945
2499,"Srážka s vozidlem zaparkovaným, odstaveným",Nesprávný způsob jízdy,Řidičem motorového vozidla,6/29/2018,Pátek,Den,Pod vlivem alkoholu,0,0,0,"Suchý, neznečištěný",Neztížené,Přechod pro chodce nebo v jeho blízkosti,Nákladní automobil,Ne,5000,16.5967326790001,49.1914058850001,1847539.8306583709,6307401.594583038
2500,"Srážka s vozidlem zaparkovaným, odstaveným",Nesprávný způsob jízdy,Řidičem motorového vozidla,6/29/2018,Pátek,Noc,Nezjišťováno,0,0,0,"Suchý, neznečištěný",Neztížené,Žádné,"Nezjištěno, řidič ujel",Ne,0,16.592480687,49.195678114,1847066.5010740696,6308129.334516643
2502,Srážka s jedoucím nekolejovým vozidlem,Nedání přednosti v jizdě,Řidičem motorového vozidla,6/30/2018,Sobota,Den,Ne,0,0,1,"Suchý, neznečištěný",Neztížené,Přechod pro chodce nebo v jeho blízkosti,Osobní automobil,Ne,15000,16.5879116850001,49.211540911,1846557.8820979984,6310831.98482337
2503,Srážka s jedoucím nekolejovým vozidlem,Nedání přednosti v jizdě,Řidičem motorového vozidla,6/30/2018,Sobota,Den,Ne,0,0,2,"Suchý, neznečištěný",Neztížené,Žádné,Osobní automobil,Ne,60000,16.5863876770001,49.2245325320001,1846388.2303034745,6313046.099800752
2505,Srážka s pevnou překážkou,Nesprávný způsob jízdy,Řidičem motorového vozidla,6/30/2018,Sobota,Den,Ne,0,0,0,"Suchý, neznečištěný",Neztížené,Přechod pro chodce nebo v jeho blízkosti,Osobní automobil,Ne,10000,16.644174682,49.2008753790001,1852821.0502745393,6309014.731659475
2506,Srážka s chodcem,Nesprávný způsob jízdy,Řidičem motorového vozidla,6/30/2018,Sobota,Den,Ne,0,1,0,"Suchý, neznečištěný",Neztížené,Přechod pro chodce nebo v jeho blízkosti,Osobní automobil,Ne,0,16.651418682,49.2288557370001,1853627.4486658473,6313783.017076019
2507,"Srážka s vozidlem zaparkovaným, odstaveným",Nesprávný způsob jízdy,Řidičem motorového vozidla,7/1/2018,Neděle,Noc,Nezjišťováno,0,0,0,"Suchý, neznečištěný",Neztížené,Přechod pro chodce nebo v jeho blízkosti,"Nezjištěno, řidič ujel",Ne,0,16.613837685,49.1945270530001,1849443.9512163014,6307933.254324612
2508,Srážka s jedoucím nekolejovým vozidlem,Nedání přednosti v jizdě,Řidičem motorového vozidla,7/1/2018,Neděle,Den,Ne,0,0,1,"Suchý, neznečištěný",Neztížené,Žádné,Osobní automobil,Ne,80000,16.646469047,49.1953151700001,1853076.457818034,6308067.5074752