OBJECTID,DruhNehody,HlavniPricina,Zavineni,Datum,Den,DenNoc,Alkohol,Usmrceno,Tezce,Lehce,StavPovrchu,Pocasi,SpecifikaceMista,DruhVozidla,Smyk,Skoda,X,Y,x,y
2510,Srážka s jedoucím nekolejovým vozidlem,Nesprávný způsob jízdy,Řidičem motorového vozidla,7/1/2018,Neděle,Den,Ne,0,0,0,"Suchý, neznečištěný",Neztížené,Žádné,Osobní automobil,Ne,60000,16.5826956830001,49.199759321,1845977.2394113818,6308824.594090001
2511,Srážka s pevnou překážkou,Nesprávný způsob jízdy,Řidičem motorového vozidla,7/1/2018,Neděle,Den,Ne,0,0,0,"Suchý, neznečištěný",Neztížené,Žádné,Osobní automobil,Ne,1000,16.594283681,49.1967511610001,1847267.2094480533,6308312.12934002
2512,"Srážka s vozidlem zaparkovaným, odstaveným",Nepřiměřená rychlost jízdy,Řidičem nemotorového vozidla,7/2/2018,Pondělí,Noc,Pod vlivem alkoholu,0,0,0,"Suchý, neznečištěný",Neztížené,Žádné,Jízdní kolo,Ne,0,16.6123936830001,49.195514098,1849283.20564896,6308101.394546785
2513,Srážka s pevnou překážkou,Nepřiměřená rychlost jízdy,Řidičem motorového vozidla,7/2/2018,Pondělí,Noc,Pod vlivem alkoholu,0,0,0,"Suchý, neznečištěný",Neztížené,Přechod pro chodce nebo v jeho blízkosti,Osobní automobil,Ne,30000,16.5957076880001,49.192206926,1847425.7291821823,6307538.0407032315
2514,Srážka s jedoucím nekolejovým vozidlem,Nedání přednosti v jizdě,Řidičem motorového vozidla,7/2/2018,Pondělí,Den,Ne,0,0,0,"Suchý, neznečištěný",Neztížené,"Most, nadjezd, podjezd, tunel",Osobní automobil,Ne,60000,16.5694806830001,49.1914838930001,1844506.1523405486,6307414.8820566675
2517,"Srážka s vozidlem zaparkovaným, odstaveným",Nesprávný způsob jízdy,Řidičem motorového vozidla,7/2/2018,Pondělí,Noc,Nezjišťováno,0,0,0,"Suchý, neznečištěný",Neztížené,Přechod pro chodce nebo v jeho blízkosti,"Nezjištěno, řidič ujel",Ne,0,16.6004226850001,49.2061946420001,1847950.600247315,6309921.008526609
2518,Srážka s jedoucím nekolejovým vozidlem,Nedání přednosti v jizdě,Řidičem motorového vozidla,7/2/2018,Pondělí,Den,Ne,0,0,1,"Suchý, neznečištěný",Neztížené,Žádné,Osobní automobil,Ne,50000,16.6504676810001,49.195821116,1853521.583718786,6308153.694847162
2519,Srážka s pevnou překážkou,Nesprávný způsob jízdy,Řidičem motorového vozidla,7/2/2018,Pondělí,Den,Ne,0,0,0,"Suchý, neznečištěný",Neztížené,Žádné,Osobní automobil,Ne,5000,16.553542689,49.2077377250001,1842731.9429642009,6310183.931692594
2521,Srážka s jedoucím nekolejovým vozidlem,Nedání přednosti v jizdě,Řidičem motorového vozidla,7/3/2018,Úterý,Den,Ne,0,0,0,"Suchý, neznečištěný",Neztížené,Výjezd z parkoviště,Osobní automobil,Ne,20000,16.53194568,49.196135134,1840327.7749196629,6308207.187928428
2524,Srážka s jedoucím nekolejovým vozidlem,Nedání přednosti v jizdě,Řidičem motorového vozidla,7/3/2018,Úterý,Den,Ne,0,0,0,"Suchý, neznečištěný",Neztížené,Přechod pro chodce nebo v jeho blízkosti,Osobní automobil,Ne,60000,16.5995306830001,49.215321096,1847851.3030388884,6311476.168048764
2525,Srážka s jedoucím nekolejovým vozidlem,Nedání přednosti v jizdě,Řidičem motorového vozidla,7/3/2018,Úterý,Noc,Nezjišťováno,0,0,1,"Suchý, neznečištěný",Neztížené,Přechod pro chodce nebo v jeho blízkosti,Osobní automobil,Ne,30000,16.6286756760001,49.219524296,1851095.7088188208,6312192.495317883
2526,Srážka s jedoucím nekolejovým vozidlem,Nedání přednosti v jizdě,Řidičem motorového vozidla,7/4/2018,Středa,Noc,Ne,0,1,0,"Suchý, neznečištěný",Neztížené,Žádné,Nákladní automobil,Ne,40000,16.688391682,49.198996277,1857743.2641989456,6308694.60033039
2527,Srážka s jedoucím nekolejovým vozidlem,Nesprávný způsob jízdy,Řidičem motorového vozidla,7/4/2018,Středa,Den,Ne,0,0,0,"Suchý, neznečištěný",Neztížené,Přechod pro chodce nebo v jeho blízkosti,Osobní automobil,Ne,30000,16.56905268,49.2052896000001,1844458.507264528,6309766.803848561
2528,"Srážka s vozidlem zaparkovaným, odstaveným",Nesprávný způsob jízdy,Řidičem motorového vozidla,7/3/2018,Úterý,Noc,Nezjišťováno,0,0,0,"Suchý, neznečištěný",Neztížené,Přechod pro chodce nebo v jeho blízkosti,"Nezjištěno, řidič ujel",Ne,0,16.615608676,49.1981632420001,1849641.0970326208,6308552.685048666
2529,Srážka s pevnou překážkou,Nesprávný způsob jízdy,Řidičem motorového vozidla,7/4/2018,Středa,Den,Ne,0,0,0,"Suchý, neznečištěný",Neztížené,Žádné,Nákladní automobil,Ne,10000,16.6029436860001,49.1969811750001,1848231.2367949234,6308351.313012624
2531,Srážka s pevnou překážkou,Nesprávný způsob jízdy,Řidičem motorového vozidla,7/4/2018,Středa,Den,Ne,0,0,0,"Suchý, neznečištěný",Neztížené,Žádné,Nákladní automobil,Ne,1000,16.5400346910001,49.1945850540001,1841228.239505208,6307943.134532147
2533,Srážka s jedoucím nekolejovým vozidlem,Nedání přednosti v jizdě,Řidičem motorového vozidla,7/4/2018,Středa,Den,Ne,0,0,1,"Suchý, neznečištěný",Neztížené,Přechod pro chodce nebo v jeho blízkosti,Osobní automobil,Ne,15000,16.6316656880001,49.1899298100001,1851428.5554321262,6307150.171657453
2535,Srážka s jedoucím nekolejovým vozidlem,Nedání přednosti v jizdě,Řidičem motorového vozidla,7/5/2018,Čtvrtek,Den,Ne,0,0,1,"Suchý, neznečištěný",Neztížené,Přechod pro chodce nebo v jeho blízkosti,Osobní automobil,Ne,110000,16.589289686,49.225438571,1846711.2804676283,6313200.5344629
2539,Srážka s pevnou překážkou,Nesprávný způsob jízdy,Řidičem motorového vozidla,7/6/2018,Pátek,Den,Ne,0,0,0,"Suchý, neznečištěný",Neztížené,Žádné,Osobní automobil,Ne,0,16.607671677,49.200869373,1848757.5543455163,6309013.70843392
2541,Srážka s jedoucím nekolejovým vozidlem,Nedání přednosti v jizdě,Řidičem motorového vozidla,7/7/2018,Sobota,Den,Nezjišťováno,0,0,0,"Suchý, neznečištěný",Neztížené,Přechod pro chodce nebo v jeho blízkosti,"Nezjištěno, řidič ujel",Ne,0,16.569869485,49.2147217400001,1844549.433581205,6311374.028205501
2543,Srážka s jedoucím nekolejovým vozidlem,Nedání přednosti v jizdě,Řidičem motorového vozidla,7/8/2018,Neděle,Den,Ne,0,0,0,"Suchý, neznečištěný",Neztížené,Přechod pro chodce nebo v jeho blízkosti,Osobní automobil,Ne,20000,16.6138676840001,49.2011343870001,1849447.290689711,6309058.858251671
2545,"Srážka s vozidlem zaparkovaným, odstaveným",Nesprávný způsob jízdy,Řidičem motorového vozidla,7/4/2018,Středa,Noc,Nezjišťováno,0,0,0,"Suchý, neznečištěný",Neztížené,Přechod pro chodce nebo v jeho blízkosti,Osobní automobil,Ne,0,16.5537846840001,49.2240895130001,1842758.8817243767,6312970.588089175
2546,"Srážka s vozidlem zaparkovaným, odstaveným",Nesprávný způsob jízdy,Řidičem motorového vozidla,7/4/2018,Středa,Noc,Nezjišťováno,0,0,0,"Suchý, neznečištěný",Neztížené,Přechod pro chodce nebo v jeho blízkosti,"Nezjištěno, řidič ujel",Ne,0,16.6146266820001,49.2046095630001,1849531.781960582,6309650.9382800255
2547,Srážka s jedoucím nekolejovým vozidlem,Nesprávný způsob jízdy,Řidičem motorového vozidla,7/8/2018,Neděle,Den,Ne,0,0,0,"Suchý, neznečištěný",Neztížené,Přechod pro chodce nebo v jeho blízkosti,Nákladní automobil,Ne,3000,16.6148226780001,49.1985622610001,1849553.6001354998,6308620.661358592
2548,Srážka s pevnou překážkou,Nesprávný způsob jízdy,Řidičem nemotorového vozidla,7/8/2018,Neděle,Den,Ne,0,0,1,"Suchý, neznečištěný",Neztížené,Žádné,Jízdní kolo,Ne,0,16.635960676,49.202638468,1851906.671309246,6309315.109610773
2550,Srážka s pevnou překážkou,Nesprávný způsob jízdy,Řidičem motorového vozidla,7/9/2018,Pondělí,Den,Ne,0,0,0,"Suchý, neznečištěný",Neztížené,"Most, nadjezd, podjezd, tunel",Nákladní automobil,Ne,1000,16.5734616770001,49.211871925,1844949.3145654816,6310888.391117564
2551,"Srážka s vozidlem zaparkovaným, odstaveným",Nesprávný způsob jízdy,Řidičem motorového vozidla,7/8/2018,Neděle,Noc,Nezjišťováno,0,0,0,"Suchý, neznečištěný",Neztížené,Přechod pro chodce nebo v jeho blízkosti,"Nezjištěno, řidič ujel",Ne,0,16.612286682,49.1913758840001,1849271.2943521254,6307396.484375615
2553,Srážka s pevnou překážkou,Nesprávný způsob jízdy,Řidičem motorového vozidla,7/9/2018,Pondělí,Den,Ne,0,0,0,"Suchý, neznečištěný",Neztížené,Žádné,Nákladní automobil,Ne,5000,16.6081976850001,49.192474942,1848816.1092882303,6307583.69397003
2554,"Srážka s vozidlem zaparkovaným, odstaveným",Nesprávný způsob jízdy,Řidičem motorového vozidla,7/8/2018,Neděle,Noc,Nezjišťováno,0,0,0,"Suchý, neznečištěný",Neztížené,Žádné,"Nezjištěno, řidič ujel",Ne,0,16.594164682,49.215397093,1847253.9625399692,6311489.1192408735
2555,"Srážka s vozidlem zaparkovaným, odstaveným",Nesprávný způsob jízdy,Řidičem motorového vozidla,7/9/2018,Pondělí,Noc,Nezjišťováno,0,0,0,"Suchý, neznečištěný",Neztížené,Přechod pro chodce nebo v jeho blízkosti,"Nezjištěno, řidič ujel",Ne,0,16.6040976800001,49.190888865,1848359.6988193807,6307313.528637224
2557,Srážka s jedoucím nekolejovým vozidlem,Nedání přednosti v jizdě,Řidičem motorového vozidla,7/9/2018,Pondělí,Den,Ne,0,0,1,"Suchý, neznečištěný",Neztížené,Výjezd z parkoviště,Osobní automobil,Ne,20000,16.614184687,49.1903768290001,1849482.579302247,6307226.3125418145
2559,Srážka s jedoucím nekolejovým vozidlem,Nedání přednosti v jizdě,Řidičem motorového vozidla,7/9/2018,Pondělí,Noc,Ne,0,0,0,"Suchý, neznečištěný",Neztížené,Přechod pro chodce nebo v jeho blízkosti,Osobní automobil,Ne,40000,16.646464682,49.1955961100001,1853075.9719084576,6308115.36520153
2562,Srážka s jedoucím nekolejovým vozidlem,Nedání přednosti v jizdě,Řidičem motorového vozidla,7/10/2018,Úterý,Den,Ne,0,0,1,"Suchý, neznečištěný",Neztížené,Přechod pro chodce nebo v jeho blízkosti,Osobní automobil,Ne,40000,16.668859679,49.2012913940001,1855568.9715708136,6309085.607282593
2563,"Srážka s vozidlem zaparkovaným, odstaveným",Nesprávný způsob jízdy,Řidičem motorového vozidla,7/9/2018,Pondělí,Noc,Nezjišťováno,0,0,0,"Suchý, neznečištěný",Neztížené,Přechod pro chodce nebo v jeho blízkosti,"Nezjištěno, řidič ujel",Ne,0,16.582956682,49.2236544880001,1846006.2936871569,6312896.439597845
2565,Srážka s chodcem,Nedání přednosti v jizdě,Řidičem motorového vozidla,7/10/2018,Úterý,Den,Ne,0,0,1,Mokrý,Neztížené,Přechod pro chodce nebo v jeho blízkosti,Osobní automobil,Ne,0,16.605400681,49.205746624,1848504.7482272037,6309844.673073965
2566,Srážka s pevnou překážkou,Nesprávný způsob jízdy,Řidičem motorového vozidla,7/10/2018,Úterý,Noc,Nezjišťováno,0,0,0,"Suchý, neznečištěný",Neztížené,Přechod pro chodce nebo v jeho blízkosti,"Nezjištěno, řidič ujel",Ne,0,16.5814486790001,49.2189462650001,1845838.4235610855,6312093.9811970275
2567,"Srážka s vozidlem zaparkovaným, odstaveným",Nesprávný způsob jízdy,Řidičem motorového vozidla,7/11/2018,Středa,Den,Nezjišťováno,0,0,0,"Suchý, neznečištěný",Neztížené,Žádné,Nákladní automobil,Ne,0,16.603889173,49.1911274970001,1848336.4879263113,6307354.17560186
2568,"Srážka s vozidlem zaparkovaným, odstaveným",Nesprávný způsob jízdy,Řidičem motorového vozidla,7/11/2018,Středa,Noc,Nezjišťováno,0,0,0,"Suchý, neznečištěný",Neztížené,Žádné,"Nezjištěno, řidič ujel",Ne,0,16.6051456820001,49.21091188,1848476.3618683717,6310724.796114956
2569,Srážka s pevnou překážkou,Nesprávný způsob jízdy,Řidičem motorového vozidla,7/12/2018,Čtvrtek,Noc,Nezjišťováno,0,0,0,"Suchý, neznečištěný",Neztížené,Přechod pro chodce nebo v jeho blízkosti,"Nezjištěno, řidič ujel",Ne,0,16.5988676860001,49.2043065510001,1847777.4985504502,6309599.311223452
2571,Srážka s jedoucím nekolejovým vozidlem,Nedání přednosti v jizdě,Řidičem motorového vozidla,7/12/2018,Čtvrtek,Den,Ne,0,0,0,"Suchý, neznečištěný",Neztížené,Žádné,Nákladní automobil,Ne,30000,16.60912268,49.2001423390001,1848919.0792606159,6308889.846587517
2575,Srážka s chodcem,Nezaviněná řidičem,Chodcem,7/12/2018,Čtvrtek,Den,Pod vlivem alkoholu,0,0,1,"Suchý, neznečištěný",Neztížené,Zastávka MHD,Autobus,Ne,0,16.6187956790001,49.192062917,1849995.8725837432,6307513.510623238
2578,"Srážka s vozidlem zaparkovaným, odstaveným",Nesprávný způsob jízdy,Řidičem motorového vozidla,7/9/2018,Pondělí,Den,Nezjišťováno,0,0,0,"Suchý, neznečištěný",Neztížené,Přechod pro chodce nebo v jeho blízkosti,Osobní automobil,Ne,0,16.5945296850001,49.200704364,1847294.5944880687,6308985.596357252
2580,"Srážka s vozidlem zaparkovaným, odstaveným",Nesprávný způsob jízdy,Řidičem motorového vozidla,7/13/2018,Pátek,Noc,Pod vlivem alkoholu,0,0,0,"Suchý, neznečištěný",Neztížené,Žádné,Osobní automobil,Ne,250000,16.6214916800001,49.206389652,1850295.9900422418,6309954.235480466
2582,Srážka s chodcem,Nedání přednosti v jizdě,Řidičem motorového vozidla,7/13/2018,Pátek,Den,Ne,0,0,1,"Suchý, neznečištěný",Neztížené,Přechod pro chodce nebo v jeho blízkosti,Osobní automobil,Ne,30000,16.666890682,49.2008563790001,1855349.7838273994,6309011.494682642
2585,Srážka s jedoucím nekolejovým vozidlem,Nesprávný způsob jízdy,Řidičem motorového vozidla,7/13/2018,Pátek,Den,Ne,0,0,0,"Suchý, neznečištěný",Neztížené,Přechod pro chodce nebo v jeho blízkosti,Osobní automobil,Ne,90000,16.591663867,49.229203822,1846975.573087599,6313842.353141682
2586,Srážka s jedoucím nekolejovým vozidlem,Nesprávný způsob jízdy,Řidičem motorového vozidla,7/13/2018,Pátek,Den,Nezjišťováno,0,0,0,"Suchý, neznečištěný",Neztížené,Přechod pro chodce nebo v jeho blízkosti,"Nezjištěno, řidič ujel",Ne,0,16.6147226840001,49.1986372650001,1849542.4688543396,6308633.438994701
2587,Havárie,Nesprávný způsob jízdy,Řidičem nemotorového vozidla,7/13/2018,Pátek,Den,Ne,0,0,1,"Suchý, neznečištěný",Neztížené,Žádné,Jízdní kolo,Ne,1000,16.6562436840001,49.196455153,1854164.5654315657,6308261.703631646
2588,"Srážka s vozidlem zaparkovaným, odstaveným",Nesprávný způsob jízdy,Řidičem motorového vozidla,7/13/2018,Pátek,Noc,Nezjišťováno,0,0,0,"Suchý, neznečištěný",Neztížené,Přechod pro chodce nebo v jeho blízkosti,"Nezjištěno, řidič ujel",Ne,0,16.561563689,49.217708208,1843624.8365998522,6311882.982381883
2591,Srážka s pevnou překážkou,Nesprávný způsob jízdy,Řidičem motorového vozidla,7/14/2018,Sobota,Noc,Nezjišťováno,0,0,0,"Suchý, neznečištěný",Neztížené,Žádné,"Nezjištěno, řidič ujel",Ne,0,16.642717684,49.1946650530001,1852658.8579990943,6307956.762018306
2592,Srážka s pevnou překážkou,Nesprávný způsob jízdy,Řidičem motorového vozidla,7/14/2018,Sobota,Den,Ne,0,0,0,"Suchý, neznečištěný",Neztížené,Žádné,Osobní automobil,Ne,5000,16.6246506790001,49.2242555170001,1850647.6482023376,6312998.883063051
2593,Srážka s jedoucím nekolejovým vozidlem,Nesprávný způsob jízdy,Řidičem motorového vozidla,7/15/2018,Neděle,Den,Ne,0,0,0,"Suchý, neznečištěný",Neztížené,Žádné,Osobní automobil,Ne,200000,16.583671188,49.216713897,1846085.8321312468,6311713.528386627
2594,Havárie,Nesprávný způsob jízdy,Řidičem motorového vozidla,7/15/2018,Neděle,Den,Ne,0,0,0,"Suchý, neznečištěný",Neztížené,Zastávka MHD,Autobus,Ne,120000,16.6144336880001,49.1935210020001,1849510.2979667787,6307761.879938626
2597,"Srážka s vozidlem zaparkovaným, odstaveným",Nesprávný způsob jízdy,Řidičem motorového vozidla,7/16/2018,Pondělí,Noc,Nezjišťováno,0,0,0,"Suchý, znečištěný (písek, prach, štěrk, atd.)",Neztížené,Přechod pro chodce nebo v jeho blízkosti,"Nezjištěno, řidič ujel",Ne,0,16.601119679,49.2071876950001,1848028.1892644756,6310090.212118699
2598,Srážka s pevnou překážkou,Nesprávný způsob jízdy,Řidičem motorového vozidla,7/16/2018,Pondělí,Den,Ne,0,0,0,"Suchý, neznečištěný",Neztížené,Přechod pro chodce nebo v jeho blízkosti,Nákladní automobil,Ne,5000,16.605423688,49.191934917,1848507.309354726,6307491.7075303225
2600,"Srážka s vozidlem zaparkovaným, odstaveným",Nesprávný způsob jízdy,Řidičem motorového vozidla,7/16/2018,Pondělí,Den,Nezjišťováno,0,0,0,"Suchý, neznečištěný",Neztížené,Přechod pro chodce nebo v jeho blízkosti,Osobní automobil,Ne,0,16.5945186880001,49.1908838580001,1847293.370307628,6307312.675780736
2602,"Srážka s vozidlem zaparkovaným, odstaveným",Nesprávný způsob jízdy,Řidičem motorového vozidla,7/15/2018,Neděle,Noc,Nezjišťováno,0,0,0,"Suchý, neznečištěný",Neztížené,Přechod pro chodce nebo v jeho blízkosti,"Nezjištěno, řidič ujel",Ne,0,16.636806678,49.2030494840001,1852000.8478210962,6309385.136057503
2604,Srážka s jedoucím nekolejovým vozidlem,Nedání přednosti v jizdě,Řidičem motorového vozidla,7/16/2018,Pondělí,Den,Ne,0,0,0,"Suchý, neznečištěný",Neztížené,Přechod pro chodce nebo v jeho blízkosti,Nákladní automobil,Ne,40000,16.615880685,49.1962681380001,1849671.3769359938,6308229.84531091
2605,Srážka s chodcem,Nesprávný způsob jízdy,Řidičem motorového vozidla,7/16/2018,Pondělí,Den,Ne,0,0,2,"Suchý, neznečištěný",Neztížené,Přechod pro chodce nebo v jeho blízkosti,Nákladní automobil,Ne,0,16.59277969,49.2235104810001,1847099.7859357763,6312871.894251645
2608,Srážka s jedoucím nekolejovým vozidlem,Nedání přednosti v jizdě,Řidičem motorového vozidla,7/17/2018,Úterý,Den,Ne,0,0,0,"Suchý, neznečištěný",Neztížené,Výjezd z parkoviště,Osobní automobil,Ne,75000,16.6517706770001,49.213905024,1853666.6325700106,6311234.848737254
2609,Srážka s chodcem,Nezaviněná řidičem,Chodcem,7/17/2018,Úterý,Den,Ne,0,0,0,"Suchý, neznečištěný",Neztížené,Přechod pro chodce nebo v jeho blízkosti,Osobní automobil,Ne,20000,16.6226846820001,49.2229784570001,1850428.794417395,6312781.213771238
2611,Jiný druh nehody,Nedání přednosti v jizdě,Řidičem motorového vozidla,7/17/2018,Úterý,Den,Nezjišťováno,0,0,1,"Suchý, neznečištěný",Neztížené,Žádné,"Nezjištěno, řidič ujel",Ne,0,16.613048685,49.191833913,1849356.1201380657,6307474.502885799
2613,Srážka s pevnou překážkou,Nesprávný způsob jízdy,Řidičem motorového vozidla,7/17/2018,Úterý,Den,Ne,0,0,0,"Suchý, neznečištěný",Neztížené,Žádné,Nákladní automobil,Ne,0,16.5704916780001,49.1939740220001,1844618.6957891434,6307839.048581529
2614,Srážka s pevnou překážkou,Nesprávný způsob jízdy,Řidičem motorového vozidla,7/17/2018,Úterý,Den,Nezjišťováno,0,0,0,"Suchý, neznečištěný",Neztížené,Přechod pro chodce nebo v jeho blízkosti,Nákladní automobil,Ne,0,16.6011186900001,49.2002133440001,1848028.0791695053,6308901.943342376
2615,Jiný druh nehody,Nesprávný způsob jízdy,Řidičem motorového vozidla,7/17/2018,Úterý,Den,Nezjišťováno,0,0,0,"Suchý, neznečištěný",Neztížené,Přechod pro chodce nebo v jeho blízkosti,Nákladní automobil,Ne,0,16.6942506830001,49.2022854460001,1858395.4852068266,6309254.964299396
2616,"Srážka s vozidlem zaparkovaným, odstaveným",Nepřiměřená rychlost jízdy,Řidičem nemotorového vozidla,7/17/2018,Úterý,Noc,Pod vlivem alkoholu,0,0,1,Mokrý,Slabý déšť,Žádné,Jízdní kolo,Ne,1000,16.57969368,49.2188162590001,1845643.0579660616,6312071.824366237
2618,"Srážka s vozidlem zaparkovaným, odstaveným",Nesprávný způsob jízdy,Řidičem motorového vozidla,7/18/2018,Středa,Noc,Nezjišťováno,0,0,0,"Suchý, neznečištěný",Neztížené,Přechod pro chodce nebo v jeho blízkosti,"Nezjištěno, řidič ujel",Ne,0,16.588071685,49.2133550010001,1846575.6932165246,6311141.118664162
2619,Srážka s jedoucím nekolejovým vozidlem,Nedání přednosti v jizdě,Řidičem motorového vozidla,7/18/2018,Středa,Den,Nezjišťováno,0,0,1,Mokrý,Slabý déšť,Žádné,"Nezjištěno, řidič ujel",Ne,0,16.6345433400001,49.1927462840001,1851748.8941874458,6307629.914032455
2621,Srážka s chodcem,Nedání přednosti v jizdě,Řidičem motorového vozidla,7/18/2018,Středa,Den,Ne,0,0,1,Mokrý,Déšť,Přechod pro chodce nebo v jeho blízkosti,Osobní automobil,Ne,0,16.615085535,49.198500596,1849582.8612428908,6308610.15616097
2624,Srážka s jedoucím nekolejovým vozidlem,Nepřiměřená rychlost jízdy,Řidičem motorového vozidla,7/18/2018,Středa,Noc,Ne,0,0,0,"Suchý, neznečištěný",Neztížené,Přechod pro chodce nebo v jeho blízkosti,Osobní automobil,Ne,15000,16.6205416770001,49.198397248,1850190.2361920283,6308592.549911853
2625,"Srážka s vozidlem zaparkovaným, odstaveným",Nesprávný způsob jízdy,Řidičem motorového vozidla,7/18/2018,Středa,Noc,Nezjišťováno,0,0,0,"Suchý, neznečištěný",Neztížené,Žádné,"Nezjištěno, řidič ujel",Ne,0,16.616358689,49.2183532390001,1849724.588097871,6311992.912667987
2627,"Srážka s vozidlem zaparkovaným, odstaveným",Nesprávný způsob jízdy,Řidičem motorového vozidla,7/19/2018,Čtvrtek,Noc,Nezjišťováno,0,0,0,"Suchý, neznečištěný",Neztížené,Přechod pro chodce nebo v jeho blízkosti,"Nezjištěno, řidič ujel",Ne,0,16.6587726860001,49.208010734,1854446.092646423,6310230.450064506
2628,Srážka s jedoucím nekolejovým vozidlem,Nesprávný způsob jízdy,Řidičem motorového vozidla,7/19/2018,Čtvrtek,Den,Ne,0,0,0,"Suchý, neznečištěný",Neztížené,Žádné,Osobní automobil,Ne,30000,16.573690689,49.2116279160001,1844974.8080647045,6310846.810835308
2629,Srážka s jedoucím nekolejovým vozidlem,Nezaviněná řidičem,Jiným účastníkem silničního provozu,7/19/2018,Čtvrtek,Den,Ne,0,0,1,"Suchý, neznečištěný",Neztížené,Žádné,Osobní automobil,Ne,5000,16.5939026900001,49.1979362260001,1847224.797723938,6308514.0111702
2630,Srážka s chodcem,Nezaviněná řidičem,Chodcem,7/19/2018,Čtvrtek,Den,Ne,0,0,1,"Suchý, neznečištěný",Neztížené,Zastávka MHD,Nákladní automobil,Ne,50000,16.599095683,49.2154320980001,1847802.8790603888,6311495.084699892
2632,Srážka s jedoucím nekolejovým vozidlem,Nesprávný způsob jízdy,Řidičem motorového vozidla,7/19/2018,Čtvrtek,Den,Nezjišťováno,0,0,0,"Suchý, neznečištěný",Neztížené,Žádné,"Nezjištěno, řidič ujel",Ne,0,16.595499676,49.193163983,1847402.57339226,6307701.0648616925
2633,Srážka s pevnou překážkou,Nesprávný způsob jízdy,Řidičem motorového vozidla,7/20/2018,Pátek,Den,Ne,0,0,0,"Suchý, neznečištěný",Neztížené,Žádné,Nákladní automobil,Ne,0,16.595119687,49.2258945980001,1847360.273210272,6313278.265494735
2635,"Srážka s vozidlem zaparkovaným, odstaveným",Nesprávný způsob jízdy,Řidičem motorového vozidla,7/20/2018,Pátek,Noc,Nezjišťováno,0,0,0,"Suchý, neznečištěný",Neztížené,Přechod pro chodce nebo v jeho blízkosti,"Nezjištěno, řidič ujel",Ne,0,16.6130546800001,49.1987512640001,1849356.7874984173,6308652.8598325495
2637,"Srážka s vozidlem zaparkovaným, odstaveným",Nesprávný způsob jízdy,Řidičem motorového vozidla,7/20/2018,Pátek,Noc,Ne,0,0,0,"Suchý, neznečištěný",Neztížené,Žádné,Osobní automobil,Ne,10000,16.5857266890001,49.2136380110001,1846314.649455895,6311189.3466043435
2640,Srážka s pevnou překážkou,Nesprávný způsob jízdy,Řidičem motorového vozidla,7/21/2018,Sobota,Den,Nezjišťováno,0,0,0,"Suchý, neznečištěný",Neztížené,Zastávka MHD,Osobní automobil,Ne,5000,16.621651684,49.223558482,1850313.8016060411,6312880.075798498
2643,Havárie,Nedání přednosti v jizdě,Řidičem motorového vozidla,7/22/2018,Neděle,Den,Ne,0,0,1,Mokrý,Neztížené,Přechod pro chodce nebo v jeho blízkosti,Osobní automobil,Ne,0,16.6153586770001,49.196123137,1849613.267271248,6308205.144228848
2645,Srážka s jedoucím nekolejovým vozidlem,Nedání přednosti v jizdě,Řidičem motorového vozidla,7/23/2018,Pondělí,Den,Ne,0,0,0,"Suchý, neznečištěný",Neztížené,Žádné,Osobní automobil,Ne,20000,16.603767685,49.2190402740001,1848322.9639440146,6312110.003120831
2652,Srážka s pevnou překážkou,Nesprávný způsob jízdy,Řidičem motorového vozidla,7/23/2018,Pondělí,Den,Nezjišťováno,0,0,0,"Suchý, neznečištěný",Neztížené,Žádné,Nákladní automobil,Ne,1000,16.612840685,49.2005513620001,1849332.9656839822,6308959.529960115
2653,Srážka s jedoucím nekolejovým vozidlem,Nesprávný způsob jízdy,Řidičem motorového vozidla,7/24/2018,Úterý,Den,Ne,0,0,0,"Suchý, neznečištěný",Neztížené,Žádné,Osobní automobil,Ne,50000,16.5730770430001,49.211051001,1844906.4973044598,6310748.502619748
2654,Havárie,Nesprávný způsob jízdy,Řidičem motorového vozidla,7/24/2018,Úterý,Den,Ne,0,0,1,"Suchý, neznečištěný",Neztížené,Přechod pro chodce nebo v jeho blízkosti,Motocykl,Ne,10000,16.6353306840001,49.2134190030001,1851836.540920605,6311152.025267424
2655,Havárie,Nepřiměřená rychlost jízdy,Řidičem nemotorového vozidla,7/25/2018,Středa,Noc,Pod vlivem alkoholu,0,0,1,"Suchý, neznečištěný",Neztížené,Žádné,Jízdní kolo,Ne,1000,16.602512685,49.1973932010001,1848183.2579830675,6308421.503508297
2657,Srážka s pevnou překážkou,Nesprávný způsob jízdy,Řidičem motorového vozidla,7/25/2018,Středa,Den,Ne,0,0,0,"Suchý, neznečištěný",Neztížené,Žádné,Nákladní automobil,Ne,0,16.60776868,49.196736161,1848768.3526700828,6308309.574044975
2660,Srážka s jedoucím nekolejovým vozidlem,Nedání přednosti v jizdě,Řidičem motorového vozidla,7/25/2018,Středa,Den,Ne,0,0,1,"Suchý, neznečištěný",Neztížené,Žádné,Nákladní automobil,Ne,10000,16.6270816840001,49.198966281,1850918.2664410537,6308689.490190538