OBJECTID,DruhNehody,HlavniPricina,Zavineni,Datum,Den,DenNoc,Alkohol,Usmrceno,Tezce,Lehce,StavPovrchu,Pocasi,SpecifikaceMista,DruhVozidla,Smyk,Skoda,X,Y,x,y
2662,Srážka s jedoucím nekolejovým vozidlem,Nedání přednosti v jizdě,Řidičem motorového vozidla,7/25/2018,Středa,Den,Ne,0,1,0,"Suchý, neznečištěný",Neztížené,Žádné,Osobní automobil,Ne,0,16.6237455090001,49.2044812730001,1850546.885138855,6309629.080245394
2663,"Srážka s vozidlem zaparkovaným, odstaveným",Nesprávný způsob jízdy,Řidičem motorového vozidla,7/25/2018,Středa,Noc,Ne,0,0,0,"Suchý, neznečištěný",Neztížené,Přechod pro chodce nebo v jeho blízkosti,Osobní automobil,Ne,35000,16.625303678,49.213045983,1850720.3397185009,6311088.458997084
2664,"Srážka s vozidlem zaparkovaným, odstaveným",Nesprávný způsob jízdy,Řidičem motorového vozidla,7/23/2018,Pondělí,Noc,Nezjišťováno,0,0,0,"Suchý, neznečištěný",Neztížené,Žádné,"Nezjištěno, řidič ujel",Ne,0,16.6039176830001,49.207837726,1848339.6616449992,6310200.970968111
2668,Srážka s pevnou překážkou,Nesprávný způsob jízdy,Řidičem motorového vozidla,7/26/2018,Čtvrtek,Den,Ne,0,0,0,"Suchý, neznečištěný",Neztížené,Přechod pro chodce nebo v jeho blízkosti,Nákladní automobil,Ne,0,16.6261636780001,49.191443888,1850816.074480588,6307408.067812144
2673,Srážka s pevnou překážkou,Nesprávný způsob jízdy,Řidičem motorového vozidla,7/27/2018,Pátek,Noc,Nezjišťováno,0,0,0,"Suchý, neznečištěný",Neztížené,Přechod pro chodce nebo v jeho blízkosti,"Nezjištěno, řidič ujel",Ne,0,16.685890677,49.2111278890001,1857464.8535958745,6310761.604521856
2675,"Srážka s vozidlem zaparkovaným, odstaveným",Nesprávný způsob jízdy,Řidičem motorového vozidla,7/27/2018,Pátek,Noc,Ne,0,0,0,Mokrý,Neztížené,Žádné,Nákladní automobil,Ne,10000,16.603207678,49.2016074150001,1848260.6242499354,6309139.447531304
2677,"Srážka s vozidlem zaparkovaným, odstaveným",Nesprávný způsob jízdy,Řidičem motorového vozidla,7/28/2018,Sobota,Den,Nezjišťováno,0,0,0,"Suchý, neznečištěný",Neztížené,Žádné,Osobní automobil,Ne,0,16.6944646750001,49.2054196080001,1858419.3066873003,6309788.954958305
2678,Srážka s pevnou překážkou,Nesprávný způsob jízdy,Řidičem motorového vozidla,7/29/2018,Neděle,Den,Ne,0,0,0,"Suchý, neznečištěný",Neztížené,Žádné,Osobní automobil,Ne,50000,16.5548336800001,49.2065576590001,1842875.6554249416,6309982.861609023
2682,Jiný druh nehody,Nepřiměřená rychlost jízdy,Řidičem nemotorového vozidla,7/29/2018,Neděle,Den,Ne,0,0,1,"Suchý, neznečištěný",Neztížené,Přechod pro chodce nebo v jeho blízkosti,Jízdní kolo,Ne,0,16.6132386890001,49.1926319510001,1849377.2712865996,6307610.438659004
2683,Srážka s pevnou překážkou,Nesprávný způsob jízdy,Řidičem motorového vozidla,7/30/2018,Pondělí,Noc,Nezjišťováno,0,0,0,"Suchý, neznečištěný",Neztížené,Žádné,Osobní automobil,Ne,1000,16.6029726830001,49.192341938,1848234.4647261996,6307561.038324904
2684,Srážka s jedoucím nekolejovým vozidlem,Nesprávný způsob jízdy,Řidičem motorového vozidla,7/30/2018,Pondělí,Den,Ne,0,0,1,"Suchý, neznečištěný",Neztížené,Žádné,Motocykl,Ne,10000,16.609530679,49.189996809,1848964.4975015405,6307161.583573986
2687,"Srážka s vozidlem zaparkovaným, odstaveným",Nedání přednosti v jizdě,Řidičem motorového vozidla,7/28/2018,Sobota,Den,Nezjišťováno,0,0,0,"Suchý, neznečištěný",Neztížené,Čerpadlo pohonných hmot,Osobní automobil,Ne,5000,16.6158446850001,49.2207533540001,1849667.369434329,6312401.9681350645
2690,"Srážka s vozidlem zaparkovaným, odstaveným",Nesprávný způsob jízdy,Řidičem motorového vozidla,7/30/2018,Pondělí,Den,Nezjišťováno,0,0,0,"Suchý, neznečištěný",Neztížené,Žádné,Osobní automobil,Ne,0,16.676208791,49.206814815,1856387.0709764347,6310026.677714085
2692,Srážka s chodcem,Nezaviněná řidičem,Chodcem,7/31/2018,Úterý,Den,Ne,0,0,1,"Suchý, neznečištěný",Neztížené,Přechod pro chodce nebo v jeho blízkosti,Osobní automobil,Ne,0,16.6032256840001,49.1986582640001,1848262.6286686868,6308637.0163751235
2693,"Srážka s vozidlem zaparkovaným, odstaveným",Nesprávný způsob jízdy,Řidičem motorového vozidla,7/31/2018,Úterý,Noc,Nezjišťováno,0,0,0,"Suchý, neznečištěný",Neztížené,Přechod pro chodce nebo v jeho blízkosti,"Nezjištěno, řidič ujel",Ne,0,16.663692683,49.2068586790001,1854993.784207161,6310034.151603414
2699,Jiný druh nehody,Nedání přednosti v jizdě,Řidičem motorového vozidla,8/1/2018,Středa,Noc,Ne,0,0,1,"Suchý, neznečištěný",Neztížené,Přechod pro chodce nebo v jeho blízkosti,Osobní automobil,Ne,0,16.594274679,49.2053695990001,1847266.2073499956,6309780.434284627
2700,Havárie,Nedání přednosti v jizdě,Řidičem motorového vozidla,8/1/2018,Středa,Noc,Nezjišťováno,0,1,0,"Suchý, neznečištěný",Neztížené,Žádné,"Nezjištěno, řidič ujel",Ne,0,16.6197806870001,49.220841358,1850105.5231727292,6312416.967176147
2702,Srážka s pevnou překážkou,Nesprávný způsob jízdy,Řidičem motorového vozidla,7/30/2018,Pondělí,Noc,Nezjišťováno,0,0,0,"Suchý, neznečištěný",Neztížené,Žádné,"Nezjištěno, řidič ujel",Ne,0,16.5914546810001,49.203599517,1846952.2866086033,6309478.84829947
2703,Srážka s pevnou překážkou,Nesprávný způsob jízdy,Řidičem motorového vozidla,8/1/2018,Středa,Den,Ne,0,0,0,"Suchý, neznečištěný",Neztížené,Výjezd z parkoviště,Nákladní automobil,Ne,5000,16.6043196810001,49.1944590470001,1848384.4118576562,6307921.66982542
2704,"Srážka s vozidlem zaparkovaným, odstaveným",Nesprávný způsob jízdy,Řidičem motorového vozidla,8/1/2018,Středa,Noc,Nezjišťováno,0,0,0,"Suchý, neznečištěný",Neztížené,Žádné,"Nezjištěno, řidič ujel",Ne,0,16.614777686,49.1986182570001,1849548.591648967,6308630.200801479
2705,Jiný druh nehody,Nesprávný způsob jízdy,Řidičem motorového vozidla,8/1/2018,Středa,Den,Nezjišťováno,0,0,0,"Suchý, neznečištěný",Neztížené,Žádné,"Nezjištěno, řidič ujel",Ne,0,16.594165689,49.196566153,1847254.074638694,6308280.612725863
2706,Srážka s pevnou překážkou,Nesprávný způsob jízdy,Řidičem motorového vozidla,8/1/2018,Středa,Den,Ne,0,0,0,"Suchý, neznečištěný",Neztížené,Žádné,Nákladní automobil,Ne,0,16.6182086810001,49.197533208,1849930.5282652846,6308445.354468105
2707,Srážka s jedoucím nekolejovým vozidlem,Nesprávné předjíždění,Řidičem motorového vozidla,8/2/2018,Čtvrtek,Den,Ne,0,1,0,"Suchý, neznečištěný",Neztížené,Žádné,Nákladní automobil,Ne,5000,16.597336677,49.2290167350001,1847607.0674081682,6313810.4614353385
2709,Srážka s jedoucím nekolejovým vozidlem,Nedání přednosti v jizdě,Řidičem motorového vozidla,8/2/2018,Čtvrtek,Den,Ne,0,0,1,"Suchý, neznečištěný",Neztížené,Žádné,Osobní automobil,Ne,10000,16.5997036790001,49.2157441160001,1847870.5608655177,6311548.25816439
2710,Havárie,Nedání přednosti v jizdě,Řidičem motorového vozidla,8/2/2018,Čtvrtek,Den,Ne,0,0,1,"Suchý, neznečištěný",Neztížené,Žádné,Osobní automobil,Ne,0,16.5707376780001,49.2111658870001,1844646.0803838787,6310768.079480943
2712,Srážka s pevnou překážkou,Nesprávný způsob jízdy,Řidičem motorového vozidla,8/2/2018,Čtvrtek,Noc,Ne,0,0,0,"Suchý, neznečištěný",Neztížené,Žádné,Osobní automobil,Ne,40000,16.5773266900001,49.200122336,1845379.5658445505,6308886.438782921
2714,Jiný druh nehody,Nedání přednosti v jizdě,Řidičem motorového vozidla,8/3/2018,Pátek,Den,Ne,0,0,1,"Suchý, neznečištěný",Neztížené,Žádné,Osobní automobil,Ne,0,16.60993568,49.210210841,1849009.58200663,6310605.338641276
2715,Srážka s jedoucím nekolejovým vozidlem,Nedání přednosti v jizdě,Řidičem nemotorového vozidla,8/3/2018,Pátek,Den,Ne,0,0,1,"Suchý, neznečištěný",Neztížené,Přechod pro chodce nebo v jeho blízkosti,Jízdní kolo,Ne,0,16.6264606840001,49.2023704550001,1850849.1370372686,6309269.447473019
2718,"Srážka s vozidlem zaparkovaným, odstaveným",Nesprávný způsob jízdy,Řidičem motorového vozidla,8/4/2018,Sobota,Noc,Nezjišťováno,0,0,0,"Suchý, neznečištěný",Neztížené,Přechod pro chodce nebo v jeho blízkosti,Osobní automobil,Ne,1000,16.5967316800001,49.2146840660001,1847539.7194501986,6311367.607995042
2721,"Srážka s vozidlem zaparkovaným, odstaveným",Nesprávný způsob jízdy,Řidičem motorového vozidla,8/5/2018,Neděle,Noc,Nezjišťováno,0,0,0,"Suchý, neznečištěný",Neztížené,Přechod pro chodce nebo v jeho blízkosti,"Nezjištěno, řidič ujel",Ne,0,16.595721686,49.1949500710001,1847427.2874324128,6308005.313789978
2725,Srážka s jedoucím nekolejovým vozidlem,Nepřiměřená rychlost jízdy,Řidičem nemotorového vozidla,8/5/2018,Neděle,Den,Pod vlivem alkoholu,0,0,1,"Suchý, neznečištěný",Neztížené,Přechod pro chodce nebo v jeho blízkosti,Jízdní kolo,Ne,0,16.5994466770001,49.215464103,1847841.9515337436,6311500.53891058
2728,Havárie,Nesprávný způsob jízdy,Řidičem motorového vozidla,8/6/2018,Pondělí,Noc,Ne,0,0,0,"Suchý, neznečištěný",Neztížené,Žádné,Osobní automobil,Ne,50000,16.673950679,49.2045205650001,1856135.6990984415,6309635.774805559
2729,Srážka s pevnou překážkou,Nesprávný způsob jízdy,Řidičem motorového vozidla,8/6/2018,Pondělí,Noc,Ne,0,0,2,"Suchý, neznečištěný",Neztížené,Žádné,Nákladní automobil,Ne,90000,16.659069684,49.1969051730001,1854479.1543125445,6308338.365791488
2732,Jiný druh nehody,Nezaviněná řidičem,Závadou komunikace,8/6/2018,Pondělí,Den,Nezjišťováno,0,0,0,"Suchý, neznečištěný",Neztížené,Zastávka MHD,Trolejbus,Ne,30000,16.5654016820001,49.19296597,1844052.0800262857,6307667.335261109
2733,Havárie,Nesprávný způsob jízdy,Řidičem nemotorového vozidla,8/6/2018,Pondělí,Den,Ne,0,0,1,"Suchý, neznečištěný",Neztížené,Přechod pro chodce nebo v jeho blízkosti,Jízdní kolo,Ne,3000,16.553861683,49.2205063420001,1842767.4532138465,6312359.868564825
2734,"Srážka s vozidlem zaparkovaným, odstaveným",Nesprávný způsob jízdy,Řidičem motorového vozidla,8/3/2018,Pátek,Den,Nezjišťováno,0,0,0,"Suchý, neznečištěný",Neztížené,Přechod pro chodce nebo v jeho blízkosti,Osobní automobil,Ne,0,16.6124866800001,49.226769636,1849293.5580276481,6313427.42009037
2735,"Srážka s vozidlem zaparkovaným, odstaveným",Nesprávný způsob jízdy,Řidičem motorového vozidla,8/5/2018,Neděle,Noc,Nezjišťováno,0,0,0,"Suchý, neznečištěný",Neztížené,Přechod pro chodce nebo v jeho blízkosti,"Nezjištěno, řidič ujel",Ne,0,16.629893682,49.223445482,1851231.2966265224,6312860.815487527
2738,"Srážka s vozidlem zaparkovaným, odstaveným",Nesprávný způsob jízdy,Řidičem motorového vozidla,8/6/2018,Pondělí,Den,Ne,0,0,1,"Suchý, neznečištěný",Neztížené,Přechod pro chodce nebo v jeho blízkosti,Motocykl,Ne,0,16.659157684,49.2065416630001,1854488.9504277348,6309980.136102012
2747,Havárie,Nesprávný způsob jízdy,Řidičem motorového vozidla,8/7/2018,Úterý,Noc,Nezjišťováno,0,0,0,"Suchý, neznečištěný",Neztížené,Žádné,"Nezjištěno, řidič ujel",Ne,0,16.643217683,49.1948720660001,1852714.5176331715,6307992.025896326
2751,Srážka s jedoucím nekolejovým vozidlem,Nedání přednosti v jizdě,Řidičem motorového vozidla,8/7/2018,Úterý,Noc,Nezjišťováno,0,0,0,"Suchý, neznečištěný",Neztížené,Žádné,"Nezjištěno, řidič ujel",Ne,0,16.6871156760001,49.2071916940001,1857601.2198607814,6310090.893504274
2753,"Srážka s vozidlem zaparkovaným, odstaveným",Nesprávný způsob jízdy,Řidičem motorového vozidla,7/27/2018,Pátek,Noc,Nezjišťováno,0,0,0,"Suchý, neznečištěný",Neztížené,Přechod pro chodce nebo v jeho blízkosti,"Nezjištěno, řidič ujel",Ne,0,16.649032688,49.196029132,1853361.8410287306,6308189.13041095
2754,Srážka s pevnou překážkou,Nesprávný způsob jízdy,Řidičem motorového vozidla,7/31/2018,Úterý,Den,Nezjišťováno,0,0,0,"Suchý, neznečištěný",Neztížené,Žádné,Nákladní automobil,Ne,1000,16.607584678,49.1963491400001,1848747.869661135,6308243.64412347
2756,Srážka s jedoucím nekolejovým vozidlem,Nesprávný způsob jízdy,Řidičem motorového vozidla,8/6/2018,Pondělí,Den,Nezjišťováno,0,0,0,"Suchý, neznečištěný",Neztížené,Zastávka MHD,Osobní automobil,Ne,0,16.609302686,49.2089107830001,1848939.1174368747,6310383.812447513
2759,Srážka s jedoucím nekolejovým vozidlem,Nesprávný způsob jízdy,Řidičem motorového vozidla,8/8/2018,Středa,Den,Ne,0,0,2,"Suchý, neznečištěný",Neztížené,Žádné,Osobní automobil,Ne,90000,16.6392786870001,49.213113988,1852276.0306042163,6311100.0476810075
2761,Srážka s pevnou překážkou,Nepřiměřená rychlost jízdy,Řidičem motorového vozidla,8/9/2018,Čtvrtek,Noc,Ne,0,0,0,"Suchý, znečištěný (písek, prach, štěrk, atd.)",Neztížené,Žádné,Motocykl,Ne,10000,16.6993006860001,49.204950582,1858957.648969292,6309709.041331567
2763,"Srážka s vozidlem zaparkovaným, odstaveným",Nesprávný způsob jízdy,Řidičem motorového vozidla,8/9/2018,Čtvrtek,Noc,Nezjišťováno,0,0,0,"Suchý, neznečištěný",Neztížené,Přechod pro chodce nebo v jeho blízkosti,"Nezjištěno, řidič ujel",Ne,0,16.615153677,49.19090386,1849590.4467756297,6307316.082778568
2765,Srážka s jedoucím nekolejovým vozidlem,Nesprávný způsob jízdy,Řidičem motorového vozidla,8/9/2018,Čtvrtek,Den,Ne,0,0,0,"Suchý, neznečištěný",Neztížené,Zastávka MHD,Osobní automobil,Ne,110000,16.571746677,49.193549003,1844758.4016387658,6307766.649683637
2767,Srážka s pevnou překážkou,Nepřiměřená rychlost jízdy,Řidičem motorového vozidla,8/9/2018,Čtvrtek,Den,Ne,0,0,1,"Suchý, neznečištěný",Neztížené,Žádné,Osobní automobil,Ne,90000,16.57256068,49.1946870620001,1844849.0160382318,6307960.511160826
2768,Srážka s pevnou překážkou,Nesprávný způsob jízdy,Řidičem motorového vozidla,8/9/2018,Čtvrtek,Den,Pod vlivem alkoholu,0,0,0,"Suchý, neznečištěný",Neztížené,Žádné,Osobní automobil,Ne,5000,16.548116683,49.1978912230001,1842127.9227392406,6308506.344592657
2770,"Srážka s vozidlem zaparkovaným, odstaveným",Nesprávný způsob jízdy,Řidičem motorového vozidla,8/10/2018,Pátek,Noc,Nezjišťováno,0,0,0,"Suchý, neznečištěný",Neztížené,Přechod pro chodce nebo v jeho blízkosti,Osobní automobil,Ne,10000,16.5967256770001,49.2105438610001,1847539.0511992944,6310662.085241423
2771,"Srážka s vozidlem zaparkovaným, odstaveným",Nesprávný způsob jízdy,Řidičem motorového vozidla,8/10/2018,Pátek,Noc,Nezjišťováno,0,0,0,"Suchý, neznečištěný",Neztížené,Žádné,"Nezjištěno, řidič ujel",Ne,0,16.6303696860001,49.210113839,1851284.2851494187,6310588.809574648
2778,Havárie,Nepřiměřená rychlost jízdy,Řidičem motorového vozidla,8/11/2018,Sobota,Den,Ne,0,0,0,Mokrý,Slabý déšť,Žádné,Osobní automobil,Ano,40000,16.636090682,49.1927409620001,1851921.1435109668,6307629.007487086
2780,Srážka s jedoucím nekolejovým vozidlem,Nedání přednosti v jizdě,Řidičem motorového vozidla,8/11/2018,Sobota,Den,Ne,0,0,1,"Suchý, neznečištěný",Neztížené,Přechod pro chodce nebo v jeho blízkosti,Osobní automobil,Ne,10000,16.5363926860001,49.221714395,1840822.8133631395,6312565.765471219
2781,"Srážka s vozidlem zaparkovaným, odstaveným",Nesprávný způsob jízdy,Řidičem motorového vozidla,8/10/2018,Pátek,Den,Nezjišťováno,0,0,0,"Suchý, neznečištěný",Neztížené,Přechod pro chodce nebo v jeho blízkosti,"Nezjištěno, řidič ujel",Ne,0,16.621326679,49.2032374940001,1850277.6222149383,6309417.168270334
2782,Havárie,Nepřiměřená rychlost jízdy,Řidičem motorového vozidla,8/12/2018,Neděle,Den,Ne,0,0,1,"Suchý, neznečištěný",Neztížené,Žádné,Motocykl,Ne,5000,16.6441666760001,49.215326093,1852820.1590506989,6311477.019622652
2787,Srážka s chodcem,Nezaviněná řidičem,Chodcem,8/13/2018,Pondělí,Den,Ne,0,1,0,"Suchý, neznečištěný",Neztížené,Žádné,Osobní automobil,Ne,0,16.624423677,49.191608902,1850622.3784552848,6307436.17547784
2788,"Srážka s vozidlem zaparkovaným, odstaveným",Nesprávný způsob jízdy,Řidičem motorového vozidla,8/13/2018,Pondělí,Noc,Nezjišťováno,0,0,0,"Suchý, neznečištěný",Neztížené,Žádné,"Nezjištěno, řidič ujel",Ne,0,16.6260106840001,49.20470957,1850799.0432664116,6309667.977499872
2792,Srážka s jedoucím nekolejovým vozidlem,Nedání přednosti v jizdě,Řidičem motorového vozidla,8/14/2018,Úterý,Den,Ne,0,0,1,"Suchý, neznečištěný",Neztížené,Žádné,Osobní automobil,Ne,30000,16.5936456810001,49.2105608640001,1847196.1876129291,6310664.982562475
2793,Jiný druh nehody,Nesprávný způsob jízdy,Řidičem motorového vozidla,7/30/2018,Pondělí,Noc,Nezjišťováno,0,0,0,"Suchý, neznečištěný",Neztížené,Žádné,"Nezjištěno, řidič ujel",Ne,0,16.5677766850001,49.2154460960001,1844316.4641508777,6311497.47020301
2794,Srážka s tramvají,Nedání přednosti v jizdě,Řidičem motorového vozidla,8/14/2018,Úterý,Den,Nezjišťováno,0,0,0,"Suchý, neznečištěný",Neztížené,Přechod pro chodce nebo v jeho blízkosti,Osobní automobil,Ne,0,16.6152476840001,49.1960501290001,1849600.9115870039,6308192.707262039
2796,Srážka s jedoucím nekolejovým vozidlem,Nedání přednosti v jizdě,Řidičem nemotorového vozidla,8/14/2018,Úterý,Den,Ne,0,0,1,"Suchý, neznečištěný",Neztížené,Přechod pro chodce nebo v jeho blízkosti,Jízdní kolo,Ne,5000,16.6152476840001,49.1960501290001,1849600.9115870039,6308192.707262039
2797,Srážka s chodcem,Nedání přednosti v jizdě,Řidičem motorového vozidla,8/15/2018,Středa,Den,Ne,0,1,0,"Suchý, neznečištěný",Neztížené,Přechod pro chodce nebo v jeho blízkosti,Osobní automobil,Ne,40000,16.5436106880001,49.1937350060001,1841626.3176703248,6307798.333866394
2798,Srážka s jedoucím nekolejovým vozidlem,Nesprávný způsob jízdy,Řidičem motorového vozidla,8/15/2018,Středa,Den,Ne,0,0,0,"Suchý, neznečištěný",Neztížené,Přechod pro chodce nebo v jeho blízkosti,Osobní automobil,Ne,10000,16.5690886800001,49.20502959,1844462.5147661988,6309722.50282607
2801,Srážka s tramvají,Nedání přednosti v jizdě,Řidičem motorového vozidla,8/15/2018,Středa,Den,Ne,0,0,0,"Suchý, neznečištěný",Neztížené,Přechod pro chodce nebo v jeho blízkosti,Osobní automobil,Ne,150000,16.61442269,49.2015504070001,1849509.0736750134,6309129.735097838
2802,Srážka s jedoucím nekolejovým vozidlem,Nesprávný způsob jízdy,Řidičem nemotorového vozidla,8/15/2018,Středa,Den,Ne,0,1,0,"Suchý, neznečištěný",Neztížené,Žádné,Jízdní kolo,Ne,0,16.7187816840001,49.2159031240001,1861126.2637467976,6311575.356109157
2806,Srážka s jedoucím nekolejovým vozidlem,Nesprávný způsob jízdy,Řidičem motorového vozidla,8/17/2018,Pátek,Den,Ne,0,0,1,"Suchý, neznečištěný",Neztížené,Žádné,Osobní automobil,Ne,10000,16.6280550600001,49.217908949,1851026.6221617234,6311917.193786264
2807,Srážka s jedoucím nekolejovým vozidlem,Nedání přednosti v jizdě,Řidičem motorového vozidla,8/17/2018,Pátek,Den,Ne,0,0,0,"Suchý, neznečištěný",Neztížené,"Most, nadjezd, podjezd, tunel",Osobní automobil,Ne,10000,16.5978986850001,49.228461714,1847669.6298525534,6313715.8507258035
2808,Srážka s tramvají,Nedání přednosti v jizdě,Řidičem motorového vozidla,8/17/2018,Pátek,Den,Ne,0,0,0,"Suchý, neznečištěný",Neztížené,Žádné,Osobní automobil,Ne,150000,16.6158606810001,49.2016754210001,1849669.1501009036,6309151.033704911
2809,Srážka s pevnou překážkou,Nesprávný způsob jízdy,Řidičem motorového vozidla,8/17/2018,Pátek,Noc,Nezjišťováno,0,0,0,"Suchý, neznečištěný",Neztížené,Přechod pro chodce nebo v jeho blízkosti,"Nezjištěno, řidič ujel",Ne,0,16.5966416840001,49.2295797640001,1847529.701141307,6313906.438300914
2810,Srážka s jedoucím nekolejovým vozidlem,Nesprávný způsob jízdy,Řidičem motorového vozidla,8/17/2018,Pátek,Den,Ne,0,0,1,"Suchý, neznečištěný",Neztížené,Žádné,Motocykl,Ne,30000,16.601593684,49.2227694520001,1848080.9552597092,6312745.590318722
2811,Srážka s jedoucím nekolejovým vozidlem,Nedání přednosti v jizdě,Řidičem motorového vozidla,8/17/2018,Pátek,Den,Ne,0,0,0,"Suchý, neznečištěný",Neztížené,"Most, nadjezd, podjezd, tunel",Nákladní automobil,Ne,20000,16.5679096800001,49.1975092000001,1844331.2690865558,6308441.264568928
2812,Srážka s lesní zvěří,Nezaviněná řidičem,"Lesní zvěří, domácim zvířetem",8/17/2018,Pátek,Den,Nezjišťováno,0,0,0,"Suchý, neznečištěný",Neztížené,Žádné,Osobní automobil,Ne,80000,16.653949681,49.209861828,1853909.198185724,6310545.8672445305
2813,Srážka s pevnou překážkou,Nesprávný způsob jízdy,Řidičem motorového vozidla,8/17/2018,Pátek,Den,Nezjišťováno,0,0,0,"Suchý, neznečištěný",Neztížené,Přechod pro chodce nebo v jeho blízkosti,"Nezjištěno, řidič ujel",Ne,0,16.5810126810001,49.211247891,1845789.8884857385,6310782.053195075
2815,Srážka s chodcem,Nedání přednosti v jizdě,Řidičem motorového vozidla,8/18/2018,Sobota,Noc,Ne,0,1,0,"Suchý, neznečištěný",Neztížené,Přechod pro chodce nebo v jeho blízkosti,Osobní automobil,Ne,10000,16.6136926830001,49.1914878900001,1849427.8096675023,6307415.562885255
2816,"Srážka s vozidlem zaparkovaným, odstaveným",Nesprávný způsob jízdy,Řidičem motorového vozidla,8/18/2018,Sobota,Den,Ne,0,0,0,"Suchý, neznečištěný",Neztížené,Přechod pro chodce nebo v jeho blízkosti,Osobní automobil,Ne,30000,16.596908688,49.2246785360001,1847559.4238906228,6313070.986041853
2817,"Srážka s vozidlem zaparkovaným, odstaveným",Nesprávný způsob jízdy,Řidičem motorového vozidla,8/18/2018,Sobota,Den,Nezjišťováno,0,0,0,"Suchý, neznečištěný",Neztížené,Žádné,Osobní automobil,Ne,10000,16.5878440270001,49.2100742540001,1846550.3504438926,6310582.06433024
2819,Srážka s chodcem,Nezaviněná řidičem,Chodcem,8/19/2018,Neděle,Noc,Pod vlivem alkoholu,0,0,1,"Suchý, neznečištěný",Neztížené,Zastávka MHD,Autobus,Ne,0,16.6127316870001,49.1916609020001,1849320.8320821277,6307445.032919168
2825,Srážka s pevnou překážkou,Nesprávný způsob jízdy,Řidičem motorového vozidla,8/20/2018,Pondělí,Den,Ne,0,0,0,"Suchý, neznečištěný",Neztížené,Přechod pro chodce nebo v jeho blízkosti,Osobní automobil,Ne,15000,16.632080677,49.2118299190001,1851474.7517962886,6310881.233082809
2828,Srážka s pevnou překážkou,Nesprávný způsob jízdy,Řidičem motorového vozidla,8/20/2018,Pondělí,Den,Ne,0,0,0,"Suchý, neznečištěný",Neztížené,Žádné,Nákladní automobil,Ne,0,16.5548126800001,49.222047419,1842873.3177156346,6312622.525961428
2829,Srážka s jedoucím nekolejovým vozidlem,Nesprávný způsob jízdy,Řidičem motorového vozidla,8/20/2018,Pondělí,Den,Ne,0,0,2,"Suchý, neznečištěný",Neztížené,Žádné,Osobní automobil,Ne,20000,16.5996496880001,49.226403616,1847864.5506148888,6313365.0298326835
2830,"Srážka s vozidlem zaparkovaným, odstaveným",Nesprávný způsob jízdy,Řidičem motorového vozidla,8/20/2018,Pondělí,Noc,Nezjišťováno,0,0,0,"Suchý, neznečištěný",Neztížené,Přechod pro chodce nebo v jeho blízkosti,"Nezjištěno, řidič ujel",Ne,0,16.6089786860001,49.192045921,1848903.0499218602,6307510.615578059
2831,"Srážka s vozidlem zaparkovaným, odstaveným",Nesprávný způsob jízdy,Řidičem motorového vozidla,8/20/2018,Pondělí,Noc,Nezjišťováno,0,0,0,"Suchý, neznečištěný",Neztížené,Přechod pro chodce nebo v jeho blízkosti,"Nezjištěno, řidič ujel",Ne,0,16.6260116870001,49.191722908,1850799.1549198634,6307455.594748761
2836,"Srážka s vozidlem zaparkovaným, odstaveným",Nesprávný způsob jízdy,Řidičem motorového vozidla,8/21/2018,Úterý,Noc,Nezjišťováno,0,0,0,"Suchý, neznečištěný",Neztížené,Žádné,"Nezjištěno, řidič ujel",Ne,0,16.6980456800001,49.213946026,1858817.9423404287,6311241.83597857
2838,"Srážka s vozidlem zaparkovaným, odstaveným",Nesprávný způsob jízdy,Řidičem motorového vozidla,8/22/2018,Středa,Noc,Nezjišťováno,0,0,0,"Suchý, neznečištěný",Neztížené,Žádné,"Nezjištěno, řidič ujel",Ne,0,16.585628684,49.228746727,1846303.739589195,6313764.434848695
2839,"Srážka s vozidlem zaparkovaným, odstaveným",Nesprávný způsob jízdy,Řidičem motorového vozidla,8/22/2018,Středa,Noc,Nezjišťováno,0,0,0,"Suchý, neznečištěný",Neztížené,Přechod pro chodce nebo v jeho blízkosti,"Nezjištěno, řidič ujel",Ne,0,16.615791686,49.190924861,1849661.4696126312,6307319.659940413
2842,"Srážka s vozidlem zaparkovaným, odstaveným",Nesprávný způsob jízdy,Řidičem motorového vozidla,8/22/2018,Středa,Noc,Nezjišťováno,0,0,0,"Suchý, neznečištěný",Neztížené,Žádné,"Nezjištěno, řidič ujel",Ne,0,16.6050336810001,49.1953980980001,1848463.8939740842,6308081.634112863
2843,"Srážka s vozidlem zaparkovaným, odstaveným",Nepřiměřená rychlost jízdy,Řidičem motorového vozidla,8/22/2018,Středa,Noc,Pod vlivem alkoholu,0,1,0,"Suchý, neznečištěný",Neztížené,Přechod pro chodce nebo v jeho blízkosti,Motocykl,Ne,40000,16.607911685,49.199958327,1848784.2719138619,6308858.497494963
2845,"Srážka s vozidlem zaparkovaným, odstaveným",Nesprávný způsob jízdy,Řidičem motorového vozidla,8/23/2018,Čtvrtek,Noc,Nezjišťováno,0,0,0,"Suchý, neznečištěný",Neztížené,Přechod pro chodce nebo v jeho blízkosti,"Nezjištěno, řidič ujel",Ne,0,16.6099315050001,49.1966953740001,1849009.1172477608,6308302.625860978