OBJECTID,DruhNehody,HlavniPricina,Zavineni,Datum,Den,DenNoc,Alkohol,Usmrceno,Tezce,Lehce,StavPovrchu,Pocasi,SpecifikaceMista,DruhVozidla,Smyk,Skoda,X,Y,x,y
2847,Havárie,Nepřiměřená rychlost jízdy,Řidičem nemotorového vozidla,8/23/2018,Čtvrtek,Den,Ne,0,0,1,"Suchý, neznečištěný",Neztížené,Žádné,Jiný druh vozidla,Ne,1000,16.54687969,49.2128169700001,1841990.2213083634,6311049.433171067
2848,Srážka s jedoucím nekolejovým vozidlem,Nedání přednosti v jizdě,Řidičem nemotorového vozidla,8/23/2018,Čtvrtek,Den,Ne,0,0,1,"Suchý, neznečištěný",Neztížené,Žádné,Jízdní kolo,Ne,0,16.6316176830001,49.2075957160001,1851423.2115399712,6310159.734689003
2849,Havárie,Nepřiměřená rychlost jízdy,Řidičem nemotorového vozidla,8/23/2018,Čtvrtek,Den,Ne,0,0,1,"Suchý, neznečištěný",Neztížené,Žádné,Jízdní kolo,Ne,1000,16.6437626850001,49.215557102,1852775.1869782954,6311516.38758364
2852,"Srážka s vozidlem zaparkovaným, odstaveným",Nesprávný způsob jízdy,Řidičem motorového vozidla,8/24/2018,Pátek,Noc,Nezjišťováno,0,0,0,"Suchý, neznečištěný",Neztížené,Přechod pro chodce nebo v jeho blízkosti,"Nezjištěno, řidič ujel",Ne,0,16.605987681,49.2037925230001,1848570.092768299,6309511.732073472
2854,"Srážka s vozidlem zaparkovaným, odstaveným",Nesprávný způsob jízdy,Řidičem motorového vozidla,8/24/2018,Pátek,Noc,Nezjišťováno,0,0,0,"Suchý, neznečištěný",Neztížené,Přechod pro chodce nebo v jeho blízkosti,"Nezjištěno, řidič ujel",Ne,0,16.6605436850001,49.202042437,1854643.2393532952,6309213.562449378
2859,Srážka s pevnou překážkou,Nepřiměřená rychlost jízdy,Řidičem motorového vozidla,8/24/2018,Pátek,Noc,Ne,0,0,0,Mokrý,Slabý déšť,Žádné,Osobní automobil,Ano,80000,16.6344526780001,49.2141850370001,1851738.8017397725,6311282.566485983
2861,"Srážka s vozidlem zaparkovaným, odstaveným",Nesprávný způsob jízdy,Řidičem motorového vozidla,8/25/2018,Sobota,Den,Ne,0,0,0,"Suchý, neznečištěný",Neztížené,Přechod pro chodce nebo v jeho blízkosti,Osobní automobil,Ne,20000,16.669502285,49.2028050430001,1855640.5061435124,6309343.489592419
2863,Srážka s chodcem,Nezaviněná řidičem,Chodcem,8/26/2018,Neděle,Den,Pod vlivem alkoholu,0,1,0,"Suchý, neznečištěný",Neztížené,Žádné,Tramvaj,Ne,0,16.625396686,49.2126659670001,1850730.693321703,6311023.701032909
2868,Srážka s jedoucím nekolejovým vozidlem,Nesprávný způsob jízdy,Řidičem motorového vozidla,8/27/2018,Pondělí,Den,Nezjišťováno,0,0,1,"Suchý, neznečištěný",Neztížené,Přechod pro chodce nebo v jeho blízkosti,"Nezjištěno, řidič ujel",Ne,0,16.6450666760001,49.2068296800001,1852920.3465924128,6310029.21052761
2870,"Srážka s vozidlem zaparkovaným, odstaveným",Nesprávný způsob jízdy,Řidičem motorového vozidla,8/27/2018,Pondělí,Den,Ne,0,0,0,"Suchý, neznečištěný",Neztížené,Žádné,Osobní automobil,Ne,20000,16.5938666870001,49.199449304,1847220.7898883119,6308771.778708517
2871,Srážka s pevnou překážkou,Nesprávný způsob jízdy,Řidičem motorového vozidla,8/27/2018,Pondělí,Den,Ne,0,1,0,"Suchý, neznečištěný",Neztížené,Přechod pro chodce nebo v jeho blízkosti,Osobní automobil,Ne,10000,16.6036066880001,49.215728117,1848305.0418399593,6311545.531639616
2873,"Srážka s vozidlem zaparkovaným, odstaveným",Nesprávný způsob jízdy,Řidičem motorového vozidla,8/24/2018,Pátek,Noc,Nezjišťováno,0,0,0,"Suchý, neznečištěný",Neztížené,Přechod pro chodce nebo v jeho blízkosti,"Nezjištěno, řidič ujel",Ne,0,16.5982056880001,49.1983562520001,1847703.805270184,6308585.565889563
2876,Srážka s jedoucím nekolejovým vozidlem,Nesprávný způsob jízdy,Řidičem motorového vozidla,8/28/2018,Úterý,Den,Ne,0,0,1,"Suchý, neznečištěný",Neztížené,Žádné,Osobní automobil,Ne,120000,16.582308687,49.2210153660001,1845934.1592137194,6312446.624465146
2877,Srážka s pevnou překážkou,Nepřiměřená rychlost jízdy,Řidičem motorového vozidla,8/28/2018,Úterý,Den,Ne,0,0,0,"Suchý, neznečištěný",Neztížené,"Most, nadjezd, podjezd, tunel",Osobní automobil,Ne,20000,16.630223275,49.2167986760001,1851267.9867514516,6311727.976590547
2878,Srážka s tramvají,Nesprávný způsob jízdy,Řidičem motorového vozidla,8/27/2018,Pondělí,Den,Nezjišťováno,0,0,0,"Suchý, neznečištěný",Neztížené,Žádné,Tramvaj,Ne,1000,16.597627683,49.2028494790001,1847639.4620479057,6309351.0603296505
2879,Srážka s jedoucím nekolejovým vozidlem,Nedání přednosti v jizdě,Řidičem motorového vozidla,8/29/2018,Středa,Den,Pod vlivem drog,0,1,0,"Suchý, neznečištěný",Neztížené,Přechod pro chodce nebo v jeho blízkosti,Osobní automobil,Ne,50000,16.616554685,49.1967631690001,1849746.4062727888,6308314.174939432
2880,Srážka s pevnou překážkou,Nesprávný způsob jízdy,Řidičem motorového vozidla,8/29/2018,Středa,Den,Ne,0,0,0,"Suchý, neznečištěný",Neztížené,Zastávka MHD,Osobní automobil,Ne,10000,16.620038688,49.198336248,1850134.243712669,6308582.158037677
2881,Srážka s jedoucím nekolejovým vozidlem,Nedání přednosti v jizdě,Řidičem motorového vozidla,8/29/2018,Středa,Den,Ne,0,0,1,"Suchý, neznečištěný",Neztížené,Přechod pro chodce nebo v jeho blízkosti,Osobní automobil,Ne,50000,16.548694691,49.2190522720001,1842192.266295474,6312112.047938326
2883,Srážka s chodcem,Nesprávný způsob jízdy,Řidičem motorového vozidla,8/16/2018,Čtvrtek,Den,Nezjišťováno,0,1,0,"Suchý, neznečištěný",Neztížené,Žádné,"Nezjištěno, řidič ujel",Ne,0,16.629317682,49.225887598,1851167.176599823,6313277.072320432
2884,Srážka s jedoucím nekolejovým vozidlem,Nepřiměřená rychlost jízdy,Řidičem motorového vozidla,8/30/2018,Čtvrtek,Den,Pod vlivem alkoholu,0,0,0,"Suchý, neznečištěný",Neztížené,Čerpadlo pohonných hmot,Osobní automobil,Ne,30000,16.6155046860001,49.2206373490001,1849629.5209187781,6312382.196759104
2885,Srážka s jedoucím nekolejovým vozidlem,Nedání přednosti v jizdě,Řidičem motorového vozidla,8/30/2018,Čtvrtek,Den,Ne,0,0,0,"Suchý, neznečištěný",Neztížené,Žádné,Osobní automobil,Ne,80000,16.634240687,49.214271045,1851715.2030095982,6311297.223388793
2888,Srážka s pevnou překážkou,Nesprávný způsob jízdy,Řidičem motorového vozidla,8/30/2018,Čtvrtek,Den,Ne,0,0,0,"Suchý, neznečištěný",Neztížené,Žádné,Osobní automobil,Ne,5000,16.636719683,49.192661953,1851991.1635819944,6307615.5491665155
2889,Srážka s pevnou překážkou,Nesprávný způsob jízdy,Řidičem motorového vozidla,8/30/2018,Čtvrtek,Noc,Nezjišťováno,0,0,0,Mokrý,Neztížené,Přechod pro chodce nebo v jeho blízkosti,Osobní automobil,Ne,20000,16.5333086850001,49.1952370860001,1840479.503942215,6308054.206025989
2890,Srážka s pevnou překážkou,Nesprávný způsob jízdy,Řidičem motorového vozidla,8/31/2018,Pátek,Den,Ne,0,0,0,"Suchý, neznečištěný",Neztížené,Žádné,Nákladní automobil,Ne,1000,16.624706685,49.2237845010001,1850653.882761735,6312918.599791054
2893,Jiný druh nehody,Nedání přednosti v jizdě,Řidičem motorového vozidla,8/31/2018,Pátek,Den,Nezjišťováno,0,0,1,"Suchý, neznečištěný",Neztížené,Přechod pro chodce nebo v jeho blízkosti,"Nezjištěno, řidič ujel",Ne,0,16.641960678,49.207619718,1852574.5884766453,6310163.824400124
2894,"Srážka s vozidlem zaparkovaným, odstaveným",Nesprávný způsob jízdy,Řidičem motorového vozidla,9/1/2018,Sobota,Den,Nezjišťováno,0,0,0,Mokrý,Neztížené,Žádné,"Nezjištěno, řidič ujel",Ne,0,16.592403684,49.192410936,1847057.92913932,6307572.791303696
2895,"Srážka s vozidlem zaparkovaným, odstaveným",Nepřiměřená rychlost jízdy,Řidičem motorového vozidla,9/1/2018,Sobota,Den,Ne,0,0,0,Mokrý,Déšť,Žádné,Osobní automobil,Ano,40000,16.655804679,49.2053826060001,1854115.6956185065,6309782.650452939
2898,Srážka s jedoucím nekolejovým vozidlem,Nepřiměřená rychlost jízdy,Řidičem motorového vozidla,9/1/2018,Sobota,Den,Ne,0,0,0,Mokrý,Déšť,Žádné,Osobní automobil,Ano,80000,16.599718683,49.225872597,1847872.2311031553,6313274.515348482
2900,"Srážka s vozidlem zaparkovaným, odstaveným",Nesprávný způsob jízdy,Řidičem motorového vozidla,9/2/2018,Neděle,Den,Ne,0,0,0,"Suchý, neznečištěný",Neztížené,Žádné,Osobní automobil,Ne,20000,16.601906683,49.2047705750001,1848115.7981490097,6309678.371565286
2901,Srážka s chodcem,Nedání přednosti v jizdě,Řidičem motorového vozidla,9/3/2018,Pondělí,Noc,Ne,0,0,1,Mokrý,Déšť,Přechod pro chodce nebo v jeho blízkosti,Osobní automobil,Ne,0,16.6307966840001,49.210080841,1851331.818349351,6310583.186748072
2902,Srážka s jedoucím nekolejovým vozidlem,Nedání přednosti v jizdě,Řidičem motorového vozidla,9/3/2018,Pondělí,Den,Ne,0,0,0,Mokrý,Déšť,Přechod pro chodce nebo v jeho blízkosti,Osobní automobil,Ne,50000,16.647799682,49.20793673,1853224.5834286646,6310217.840397706
2903,Srážka s jedoucím nekolejovým vozidlem,Nepřiměřená rychlost jízdy,Řidičem motorového vozidla,9/3/2018,Pondělí,Den,Ne,0,0,0,Mokrý,Neztížené,Žádné,Osobní automobil,Ano,80000,16.6032186800001,49.221583394,1848261.848986974,6312543.437812947
2905,Srážka s pevnou překážkou,Technická závada vozidla,Technickou závadou vozidla,9/3/2018,Pondělí,Den,Nezjišťováno,0,0,0,"Suchý, znečištěný (písek, prach, štěrk, atd.)",Neztížené,"Most, nadjezd, podjezd, tunel","Nezjištěno, řidič ujel",Ne,0,16.5993251410001,49.226500005,1847828.4222081113,6313381.459858751
2907,Srážka s pevnou překážkou,Nesprávný způsob jízdy,Řidičem motorového vozidla,8/31/2018,Pátek,Noc,Nezjišťováno,0,0,0,Mokrý,Neztížené,Žádné,"Nezjištěno, řidič ujel",Ne,0,16.618563684,49.200006332,1849970.0470184726,6308866.675826366
2909,Srážka s jedoucím nekolejovým vozidlem,Nedání přednosti v jizdě,Řidičem motorového vozidla,9/3/2018,Pondělí,Den,Ne,0,0,1,"Suchý, neznečištěný",Neztížené,Žádné,Osobní automobil,Ne,10000,16.599815768,49.2154075550001,1847883.038555918,6311490.902146655
2910,"Srážka s vozidlem zaparkovaným, odstaveným",Nesprávný způsob jízdy,Řidičem motorového vozidla,9/3/2018,Pondělí,Noc,Nezjišťováno,0,0,0,"Suchý, neznečištěný",Neztížené,Přechod pro chodce nebo v jeho blízkosti,"Nezjištěno, řidič ujel",Ne,0,16.623925683,49.198834268,1850566.942016787,6308667.000399
2912,"Srážka s vozidlem zaparkovaným, odstaveným",Nesprávný způsob jízdy,Řidičem motorového vozidla,9/3/2018,Pondělí,Noc,Nezjišťováno,0,0,0,"Suchý, neznečištěný",Neztížené,Žádné,"Nezjištěno, řidič ujel",Ne,0,16.6367196800001,49.1946110580001,1851991.1632480393,6307947.564199478
2913,Srážka s jedoucím nekolejovým vozidlem,Nedání přednosti v jizdě,Řidičem motorového vozidla,9/4/2018,Úterý,Den,Ne,0,0,2,"Suchý, neznečištěný",Neztížené,Výjezd z parkoviště,Osobní automobil,Ne,30000,16.658677676,49.205326604,1854435.5161815968,6309773.108682831
2914,"Srážka s vozidlem zaparkovaným, odstaveným",Nesprávný způsob jízdy,Řidičem motorového vozidla,9/4/2018,Úterý,Noc,Nezjišťováno,0,0,0,"Suchý, neznečištěný",Neztížené,Přechod pro chodce nebo v jeho blízkosti,Nákladní automobil,Ne,0,16.633271683,49.1925139470001,1851607.33397774,6307590.33801814
2916,Srážka s chodcem,Nezaviněná řidičem,Chodcem,9/4/2018,Úterý,Den,Ne,0,1,0,"Suchý, neznečištěný",Neztížené,Žádné,Osobní automobil,Ne,0,16.6087166770001,49.1920779180001,1848873.883213399,6307516.065847219
2917,"Srážka s vozidlem zaparkovaným, odstaveným",Nesprávný způsob jízdy,Řidičem motorového vozidla,9/3/2018,Pondělí,Noc,Nezjišťováno,0,0,0,"Suchý, znečištěný (písek, prach, štěrk, atd.)",Neztížené,Přechod pro chodce nebo v jeho blízkosti,"Nezjištěno, řidič ujel",Ne,0,16.5708556810001,49.217168186,1844659.2164177522,6311790.94950086
2919,Srážka s chodcem,Nedání přednosti v jizdě,Řidičem motorového vozidla,9/5/2018,Středa,Den,Ne,0,0,1,"Suchý, neznečištěný",Neztížené,Žádné,Osobní automobil,Ne,0,16.625668434,49.2234162620001,1850760.9441706857,6312855.835085079
2920,Srážka s jedoucím nekolejovým vozidlem,Nedání přednosti v jizdě,Řidičem motorového vozidla,9/5/2018,Středa,Den,Ne,0,1,0,"Suchý, neznečištěný",Neztížené,Přechod pro chodce nebo v jeho blízkosti,Osobní automobil,Ne,1000,16.6182136840001,49.1920249230001,1849931.0851966986,6307507.038846168
2921,Srážka s jedoucím nekolejovým vozidlem,Nedání přednosti v jizdě,Řidičem motorového vozidla,9/6/2018,Čtvrtek,Den,Ne,0,0,1,"Suchý, neznečištěný",Neztížené,Přechod pro chodce nebo v jeho blízkosti,Osobní automobil,Ne,10000,16.655162686,49.1963731430001,1854044.229284655,6308247.733074974
2922,"Srážka s vozidlem zaparkovaným, odstaveným",Nesprávný způsob jízdy,Řidičem motorového vozidla,9/6/2018,Čtvrtek,Den,Nezjišťováno,0,0,0,"Suchý, neznečištěný",Neztížené,Žádné,"Nezjištěno, řidič ujel",Ne,0,16.6068216890001,49.2036445160001,1848662.9341141793,6309486.515080462
2923,"Srážka s vozidlem zaparkovaným, odstaveným",Nesprávný způsob jízdy,Řidičem motorového vozidla,9/5/2018,Středa,Noc,Nezjišťováno,0,0,0,"Suchý, neznečištěný",Neztížené,Přechod pro chodce nebo v jeho blízkosti,"Nezjištěno, řidič ujel",Ne,0,16.598171688,49.1980942370001,1847700.0204074942,6308540.9295105245
2924,"Srážka s vozidlem zaparkovaným, odstaveným",Nesprávný způsob jízdy,Řidičem motorového vozidla,9/6/2018,Čtvrtek,Noc,Nezjišťováno,0,0,0,"Suchý, neznečištěný",Neztížené,Přechod pro chodce nebo v jeho blízkosti,"Nezjištěno, řidič ujel",Ne,0,16.6190186800001,49.194169033,1850020.6969415091,6307872.267496346
2925,Havárie,Nepřiměřená rychlost jízdy,Řidičem nemotorového vozidla,9/7/2018,Pátek,Den,Pod vlivem alkoholu,0,0,1,"Suchý, neznečištěný",Neztížené,Žádné,Jízdní kolo,Ne,0,16.5794706790001,49.212167939,1845618.2336082957,6310938.833572149
2927,Srážka s pevnou překážkou,Nesprávný způsob jízdy,Řidičem motorového vozidla,9/7/2018,Pátek,Den,Ne,0,0,0,"Suchý, neznečištěný",Neztížené,Žádné,Osobní automobil,Ne,50000,16.577189683,49.2281527010001,1845364.3142950714,6313663.175811629
2930,"Srážka s vozidlem zaparkovaným, odstaveným",Nesprávný způsob jízdy,Řidičem motorového vozidla,9/7/2018,Pátek,Den,Nezjišťováno,0,0,0,"Suchý, neznečištěný",Neztížené,Žádné,Nákladní automobil,Ne,10000,16.5880086880001,49.1950410750001,1846568.6804225645,6308020.816046762
2931,Srážka s jedoucím nekolejovým vozidlem,Nedání přednosti v jizdě,Řidičem motorového vozidla,9/8/2018,Sobota,Den,Ne,0,0,1,"Suchý, neznečištěný",Neztížené,Přechod pro chodce nebo v jeho blízkosti,Osobní automobil,Ne,80000,16.6042596770001,49.2079877350001,1848377.7322429332,6310226.531223961
2933,Srážka s jedoucím nekolejovým vozidlem,Nedání přednosti v jizdě,Řidičem motorového vozidla,9/9/2018,Neděle,Den,Ne,0,0,2,"Suchý, neznečištěný",Neztížené,Žádné,Osobní automobil,Ne,100000,16.608653679,49.209576816,1848866.8703081144,6310497.301852861
2934,Havárie,Nesprávný způsob jízdy,Řidičem nemotorového vozidla,9/9/2018,Neděle,Den,Ne,0,0,1,"Suchý, neznečištěný",Neztížené,Žádné,Jízdní kolo,Ne,0,16.622316681,49.208941784,1850387.8287334605,6310389.094862134
2936,"Srážka s vozidlem zaparkovaným, odstaveným",Nesprávný způsob jízdy,Řidičem motorového vozidla,9/9/2018,Neděle,Den,Ne,0,0,1,"Suchý, neznečištěný",Neztížené,Žádné,Osobní automobil,Ne,10000,16.5938926850001,49.210364853,1847223.683972435,6310631.58223493
2937,Srážka s jedoucím nekolejovým vozidlem,Nedání přednosti v jizdě,Řidičem motorového vozidla,9/10/2018,Pondělí,Den,Ne,0,0,0,"Suchý, neznečištěný",Neztížené,Žádné,Osobní automobil,Ne,30000,16.575671685,49.213467,1845195.3315306862,6311160.204462289
2938,Srážka s pevnou překážkou,Nesprávný způsob jízdy,Řidičem motorového vozidla,9/10/2018,Pondělí,Den,Ne,0,0,0,"Suchý, neznečištěný",Neztížené,Přechod pro chodce nebo v jeho blízkosti,Osobní automobil,Ne,30000,16.5924386830001,49.214088035,1847061.8252101822,6311266.036090496
2939,"Srážka s vozidlem zaparkovaným, odstaveným",Nepřiměřená rychlost jízdy,Řidičem motorového vozidla,9/10/2018,Pondělí,Den,Ne,0,0,0,"Suchý, neznečištěný",Neztížené,Přechod pro chodce nebo v jeho blízkosti,Motocykl,Ano,10000,16.6242096770001,49.191290877,1850598.5560842582,6307382.004761658
2940,"Srážka s vozidlem zaparkovaným, odstaveným",Nesprávný způsob jízdy,Řidičem motorového vozidla,9/10/2018,Pondělí,Den,Nezjišťováno,0,0,0,"Suchý, neznečištěný",Neztížené,Žádné,Osobní automobil,Ne,0,16.6360936780001,49.202211446,1851921.4770241652,6309242.356774005
2941,"Srážka s vozidlem zaparkovaným, odstaveným",Nesprávný způsob jízdy,Řidičem motorového vozidla,9/10/2018,Pondělí,Noc,Nezjišťováno,0,0,0,"Suchý, neznečištěný",Neztížené,Přechod pro chodce nebo v jeho blízkosti,"Nezjištěno, řidič ujel",Ne,0,16.669672683,49.204959579,1855659.4747621075,6309710.574252036
2942,Srážka s jedoucím nekolejovým vozidlem,Nedání přednosti v jizdě,Řidičem motorového vozidla,9/10/2018,Pondělí,Den,Ne,0,0,0,"Suchý, neznečištěný",Neztížené,Přechod pro chodce nebo v jeho blízkosti,Osobní automobil,Ne,120000,16.61529368,49.198526256,1849606.0318383006,6308614.527575433
2943,Srážka s chodcem,Nezaviněná řidičem,Chodcem,9/10/2018,Pondělí,Den,Ne,0,0,1,"Suchý, neznečištěný",Neztížené,Žádné,Osobní automobil,Ne,5000,16.603611684,49.216402143,1848305.5979921324,6311660.398869935
2946,"Srážka s vozidlem zaparkovaným, odstaveným",Nesprávný způsob jízdy,Řidičem motorového vozidla,9/10/2018,Pondělí,Den,Ne,0,0,0,"Suchý, neznečištěný",Neztížené,Žádné,Nákladní automobil,Ne,0,16.617255686,49.205272596,1849824.4413471522,6309763.906665998
2947,Srážka s jedoucím nekolejovým vozidlem,Nedání přednosti v jizdě,Řidičem motorového vozidla,9/10/2018,Pondělí,Den,Ne,0,1,0,"Suchý, neznečištěný",Neztížené,Žádné,Osobní automobil,Ne,1000,16.5627896840001,49.2068016710001,1843761.3137389703,6310024.438138477
2951,"Srážka s vozidlem zaparkovaným, odstaveným",Nesprávný způsob jízdy,Řidičem motorového vozidla,9/11/2018,Úterý,Den,Ne,0,0,0,"Suchý, neznečištěný",Neztížené,Přechod pro chodce nebo v jeho blízkosti,Osobní automobil,Ne,110000,16.566366691,49.1986882630001,1844159.5043367732,6308642.126994226
2952,Srážka s pevnou překážkou,Nesprávný způsob jízdy,Řidičem motorového vozidla,9/11/2018,Úterý,Den,Ne,0,0,0,"Suchý, neznečištěný",Neztížené,Přechod pro chodce nebo v jeho blízkosti,Osobní automobil,Ne,10000,16.614362736,49.1959080020001,1849502.399626263,6308168.495875094
2953,"Srážka s vozidlem zaparkovaným, odstaveným",Nesprávný způsob jízdy,Řidičem motorového vozidla,9/11/2018,Úterý,Den,Pod vlivem drog,0,0,0,"Suchý, neznečištěný",Neztížené,Žádné,Nákladní automobil,Ne,5000,16.6052406800001,49.20214744,1848486.936997359,6309231.45196125
2954,"Srážka s vozidlem zaparkovaným, odstaveným",Nesprávný způsob jízdy,Řidičem motorového vozidla,9/10/2018,Pondělí,Noc,Nezjišťováno,0,0,0,"Suchý, neznečištěný",Neztížené,Žádné,"Nezjištěno, řidič ujel",Ne,0,16.5949196870001,49.212304944,1847338.0093121186,6310962.180098857
2955,"Srážka s vozidlem zaparkovaným, odstaveným",Nesprávný způsob jízdy,Řidičem motorového vozidla,9/11/2018,Úterý,Noc,Nezjišťováno,0,0,0,"Suchý, neznečištěný",Neztížené,Přechod pro chodce nebo v jeho blízkosti,"Nezjištěno, řidič ujel",Ne,0,16.610606687,49.190233822,1849084.2781641881,6307201.954040483
2958,Srážka s jedoucím nekolejovým vozidlem,Nedání přednosti v jizdě,Řidičem motorového vozidla,9/12/2018,Středa,Den,Ne,0,0,1,"Suchý, neznečištěný",Neztížené,Žádné,Osobní automobil,Ne,0,16.5998136800001,49.215389099,1847882.8061208243,6311487.756925246
2959,"Srážka s vozidlem zaparkovaným, odstaveným",Nesprávný způsob jízdy,Řidičem motorového vozidla,9/12/2018,Středa,Den,Nezjišťováno,0,0,0,"Suchý, neznečištěný",Neztížené,Přechod pro chodce nebo v jeho blízkosti,"Nezjištěno, řidič ujel",Ne,0,16.6264666750001,49.2028764790001,1850849.8039523407,6309355.6604298595
2960,Srážka s jedoucím nekolejovým vozidlem,Nedání přednosti v jizdě,Řidičem motorového vozidla,9/12/2018,Středa,Noc,Nezjišťováno,0,0,1,"Suchý, neznečištěný",Neztížené,Žádné,Osobní automobil,Ne,30000,16.6230636870001,49.2047945740001,1850470.9850610043,6309682.460531605
2961,"Srážka s vozidlem zaparkovaným, odstaveným",Nesprávný způsob jízdy,Řidičem motorového vozidla,9/13/2018,Čtvrtek,Noc,Nezjišťováno,0,0,0,"Suchý, neznečištěný",Neztížené,Výjezd z parkoviště,"Nezjištěno, řidič ujel",Ne,0,16.58599481,49.2290321300001,1846344.4965490832,6313813.085732942
2962,"Srážka s vozidlem zaparkovaným, odstaveným",Nesprávný způsob jízdy,Řidičem motorového vozidla,9/13/2018,Čtvrtek,Noc,Nezjišťováno,0,0,0,"Suchý, neznečištěný",Neztížené,Přechod pro chodce nebo v jeho blízkosti,"Nezjištěno, řidič ujel",Ne,0,16.587035687,49.1950390820001,1846460.3664466995,6308020.476544917
2964,"Srážka s vozidlem zaparkovaným, odstaveným",Nesprávný způsob jízdy,Řidičem motorového vozidla,9/13/2018,Čtvrtek,Noc,Nezjišťováno,0,0,0,"Suchý, neznečištěný",Neztížené,Žádné,"Nezjištěno, řidič ujel",Ne,0,16.6489716790001,49.1936650060001,1853355.049537919,6307786.409889935
2966,"Srážka s vozidlem zaparkovaným, odstaveným",Nesprávný způsob jízdy,Řidičem motorového vozidla,9/13/2018,Čtvrtek,Noc,Nezjišťováno,0,0,0,"Suchý, neznečištěný",Neztížené,Žádné,"Nezjištěno, řidič ujel",Ne,0,16.6014066870001,49.1902398280001,1848060.1388488943,6307202.977046051
2967,"Srážka s vozidlem zaparkovaným, odstaveným",Nesprávný způsob jízdy,Řidičem motorového vozidla,9/9/2018,Neděle,Noc,Nezjišťováno,0,0,0,"Suchý, neznečištěný",Neztížené,Přechod pro chodce nebo v jeho blízkosti,Osobní automobil,Ne,2000,16.6769816840001,49.2087027700001,1856473.109031636,6310348.368163213
2968,"Srážka s vozidlem zaparkovaným, odstaveným",Nesprávný způsob jízdy,Řidičem motorového vozidla,9/13/2018,Čtvrtek,Noc,Nezjišťováno,0,0,0,"Suchý, neznečištěný",Neztížené,Žádné,"Nezjištěno, řidič ujel",Ne,0,16.5992566850001,49.208589767,1847820.8017210488,6310329.113128881
2972,"Srážka s vozidlem zaparkovaným, odstaveným",Nesprávný způsob jízdy,Řidičem motorového vozidla,9/14/2018,Pátek,Noc,Nezjišťováno,0,0,0,Mokrý,Déšť,Přechod pro chodce nebo v jeho blízkosti,"Nezjištěno, řidič ujel",Ne,0,16.6243496860001,49.2237764930001,1850614.1418148454,6312917.234857958
2974,Srážka s pevnou překážkou,Nesprávný způsob jízdy,Řidičem motorového vozidla,9/10/2018,Pondělí,Noc,Nezjišťováno,0,0,0,Mokrý,Déšť,Žádné,"Nezjištěno, řidič ujel",Ne,0,16.589591683,49.2233914820001,1846744.8986198904,6312851.611460673
2975,"Srážka s vozidlem zaparkovaným, odstaveným",Nesprávný způsob jízdy,Řidičem motorového vozidla,9/14/2018,Pátek,Den,Ne,0,0,1,Mokrý,Neztížené,Přechod pro chodce nebo v jeho blízkosti,Osobní automobil,Ne,20000,16.6478596860001,49.196731169,1853231.2630433938,6308308.723642956
2976,Srážka s jedoucím nekolejovým vozidlem,Nepřiměřená rychlost jízdy,Řidičem motorového vozidla,9/14/2018,Pátek,Den,Ne,0,0,2,Mokrý,Neztížené,Žádné,Nákladní automobil,Ano,50000,16.577808679,49.1942400390001,1845433.220614596,6307884.362960754
2979,"Srážka s vozidlem zaparkovaným, odstaveným",Nesprávný způsob jízdy,Řidičem motorového vozidla,9/14/2018,Pátek,Noc,Ne,0,0,0,Mokrý,Neztížené,Žádné,"Nezjištěno, řidič ujel",Ne,0,16.576122678,49.220393336,1845245.5358417993,6312340.608420747
2982,Srážka s pevnou překážkou,Nesprávný způsob jízdy,Řidičem motorového vozidla,9/15/2018,Sobota,Den,Nezjišťováno,0,0,0,"Suchý, neznečištěný",Neztížené,Čerpadlo pohonných hmot,Osobní automobil,Ne,5000,16.627309683,49.2217584040001,1850943.6471736296,6312573.266327346
2983,"Srážka s vozidlem zaparkovaným, odstaveným",Nesprávný způsob jízdy,Řidičem motorového vozidla,9/15/2018,Sobota,Noc,Nezjišťováno,0,0,0,"Suchý, neznečištěný",Neztížené,Přechod pro chodce nebo v jeho blízkosti,Osobní automobil,Ne,1000,16.60515768,49.2092447970001,1848477.6974796213,6310440.726929159
2984,"Srážka s vozidlem zaparkovaným, odstaveným",Nesprávný způsob jízdy,Řidičem motorového vozidla,9/14/2018,Pátek,Den,Nezjišťováno,0,0,0,"Suchý, neznečištěný",Neztížené,Přechod pro chodce nebo v jeho blízkosti,Autobus,Ne,0,16.614618685,49.1993553030001,1849530.8917386127,6308755.76449512
2986,Srážka s pevnou překážkou,Nepřiměřená rychlost jízdy,Řidičem motorového vozidla,9/16/2018,Neděle,Noc,Pod vlivem alkoholu,0,1,1,"Suchý, neznečištěný",Neztížené,Zastávka MHD,Osobní automobil,Ne,150000,16.613774682,49.1920709240001,1849436.9377544252,6307514.874510778
2987,Jiný druh nehody,Nesprávný způsob jízdy,Řidičem nemotorového vozidla,9/16/2018,Neděle,Den,Ne,0,0,1,"Suchý, neznečištěný",Neztížené,Žádné,Jízdní kolo,Ne,1000,16.6286026870001,49.194217032,1851087.5837205083,6307880.443848495