OBJECTID,DruhNehody,HlavniPricina,Zavineni,Datum,Den,DenNoc,Alkohol,Usmrceno,Tezce,Lehce,StavPovrchu,Pocasi,SpecifikaceMista,DruhVozidla,Smyk,Skoda,X,Y,x,y
2988,Srážka s chodcem,Nesprávný způsob jízdy,Řidičem motorového vozidla,9/16/2018,Neděle,Den,Ne,0,0,1,"Suchý, neznečištěný",Neztížené,Žádné,Nákladní automobil,Ne,0,16.608045679,49.197034183,1848799.1880577123,6308360.343132781
2989,Jiný druh nehody,Nesprávný způsob jízdy,Řidičem motorového vozidla,9/16/2018,Neděle,Den,Ne,0,0,0,"Suchý, neznečištěný",Neztížené,Přechod pro chodce nebo v jeho blízkosti,Osobní automobil,Ne,30000,16.6642996790001,49.205253601,1855061.3546927995,6309760.670253229
2990,"Srážka s vozidlem zaparkovaným, odstaveným",Nesprávný způsob jízdy,Řidičem motorového vozidla,9/16/2018,Neděle,Den,Ne,0,0,0,"Suchý, neznečištěný",Neztížené,Přechod pro chodce nebo v jeho blízkosti,Osobní automobil,Ne,30000,16.591484688,49.1908628630001,1846955.6269725594,6307309.099643853
2991,Srážka s tramvají,Nedání přednosti v jizdě,Řidičem motorového vozidla,9/17/2018,Pondělí,Den,Nezjišťováno,0,0,0,"Suchý, neznečištěný",Neztížené,Přechod pro chodce nebo v jeho blízkosti,Osobní automobil,Ne,1000,16.600426687,49.2152910950001,1847951.0457479134,6311471.055369349
2992,Srážka s chodcem,Nedání přednosti v jizdě,Řidičem motorového vozidla,9/17/2018,Pondělí,Den,Ne,0,1,0,"Suchý, neznečištěný",Neztížené,Přechod pro chodce nebo v jeho blízkosti,Autobus,Ne,0,16.6279066760001,49.2174761960001,1851010.1041304013,6311843.44177183
2993,"Srážka s vozidlem zaparkovaným, odstaveným",Nesprávný způsob jízdy,Řidičem motorového vozidla,9/17/2018,Pondělí,Noc,Nezjišťováno,0,0,0,"Suchý, neznečištěný",Neztížené,Přechod pro chodce nebo v jeho blízkosti,"Nezjištěno, řidič ujel",Ne,0,16.6004126820001,49.2048095760001,1847949.4867184486,6309685.016583812
2999,"Srážka s vozidlem zaparkovaným, odstaveným",Nesprávný způsob jízdy,Řidičem motorového vozidla,9/18/2018,Úterý,Noc,Nezjišťováno,0,0,0,"Suchý, neznečištěný",Neztížené,Přechod pro chodce nebo v jeho blízkosti,"Nezjištěno, řidič ujel",Ne,0,16.603975679,49.208557758,1848346.117730182,6310323.658995009
3000,"Srážka s vozidlem zaparkovaným, odstaveným",Nesprávný způsob jízdy,Řidičem motorového vozidla,9/17/2018,Pondělí,Noc,Nezjišťováno,0,0,0,"Suchý, neznečištěný",Neztížené,Přechod pro chodce nebo v jeho blízkosti,"Nezjištěno, řidič ujel",Ne,0,16.5938536780001,49.2136890140001,1847219.341733058,6311198.038092079
3001,Srážka s jedoucím nekolejovým vozidlem,Nepřiměřená rychlost jízdy,Řidičem nemotorového vozidla,9/18/2018,Úterý,Den,Nezjišťováno,0,0,1,"Suchý, neznečištěný",Neztížené,Žádné,Jízdní kolo,Ne,0,16.553741679,49.2160751340001,1842754.094429674,6311604.669936669
3003,Srážka s jedoucím nekolejovým vozidlem,Nepřiměřená rychlost jízdy,Řidičem motorového vozidla,9/19/2018,Středa,Den,Ne,0,0,1,"Suchý, neznečištěný",Neztížené,Žádné,Osobní automobil,Ne,30000,16.5557436880001,49.2157511170001,1842976.95705212,6311549.451264236
3004,Srážka s jedoucím nekolejovým vozidlem,Nesprávný způsob jízdy,Řidičem motorového vozidla,9/19/2018,Středa,Den,Ne,0,0,0,"Suchý, neznečištěný",Neztížené,Žádné,Nákladní automobil,Ne,1000,16.5710996820001,49.2085247620001,1844686.3784848251,6310318.036686201
3005,Srážka s jedoucím nekolejovým vozidlem,Nesprávný způsob jízdy,Řidičem motorového vozidla,9/19/2018,Středa,Den,Ne,0,0,1,"Suchý, neznečištěný",Neztížené,Přechod pro chodce nebo v jeho blízkosti,Osobní automobil,Ne,10000,16.5929056800001,49.2064926640001,1847113.8110784234,6309971.787325429
3006,"Srážka s vozidlem zaparkovaným, odstaveným",Nesprávný způsob jízdy,Řidičem motorového vozidla,9/19/2018,Středa,Den,Nezjišťováno,0,0,0,"Suchý, neznečištěný",Neztížené,Přechod pro chodce nebo v jeho blízkosti,Nákladní automobil,Ne,0,16.614136676,49.196327147,1849477.2347421756,6308239.897580596
3007,"Srážka s vozidlem zaparkovaným, odstaveným",Nesprávný způsob jízdy,Řidičem motorového vozidla,9/19/2018,Středa,Den,Nezjišťováno,0,0,0,"Suchý, neznečištěný",Neztížené,Žádné,Nákladní automobil,Ne,1000,16.6051166820001,49.19143689,1848473.1336031405,6307406.8758096285
3008,Srážka s jedoucím nekolejovým vozidlem,Nesprávný způsob jízdy,Řidičem motorového vozidla,9/19/2018,Středa,Den,Ne,0,0,0,"Suchý, neznečištěný",Neztížené,Přechod pro chodce nebo v jeho blízkosti,Nákladní automobil,Ne,120000,16.6094196760001,49.2092688000001,1848952.140704107,6310444.816947095
3010,"Srážka s vozidlem zaparkovaným, odstaveným",Nesprávný způsob jízdy,Řidičem motorového vozidla,9/19/2018,Středa,Noc,Nezjišťováno,0,0,0,"Suchý, neznečištěný",Neztížené,Přechod pro chodce nebo v jeho blízkosti,"Nezjištěno, řidič ujel",Ne,0,16.601258681,49.21021884,1848043.662896338,6310606.701666205
3012,Srážka s jedoucím nekolejovým vozidlem,Nesprávný způsob jízdy,Řidičem motorového vozidla,9/20/2018,Čtvrtek,Den,Nezjišťováno,0,0,0,"Suchý, neznečištěný",Neztížené,Zastávka MHD,"Nezjištěno, řidič ujel",Ne,0,16.59271469,49.2027944710001,1847092.5501688742,6309341.688399927
3017,"Srážka s vozidlem zaparkovaným, odstaveným",Nesprávný způsob jízdy,Řidičem motorového vozidla,9/20/2018,Čtvrtek,Den,Nezjišťováno,0,0,0,"Suchý, neznečištěný",Neztížené,Přechod pro chodce nebo v jeho blízkosti,Osobní automobil,Ne,1000,16.626840681,49.203508513,1850891.4381098095,6309463.343359855
3022,Srážka s jedoucím nekolejovým vozidlem,Nedání přednosti v jizdě,Řidičem motorového vozidla,9/21/2018,Pátek,Den,Ne,0,0,0,"Suchý, neznečištěný",Neztížené,Přechod pro chodce nebo v jeho blízkosti,Osobní automobil,Ne,20000,16.6046146850001,49.215945123,1848417.251552719,6311582.513540827
3023,Srážka s chodcem,Nezaviněná řidičem,Chodcem,9/21/2018,Pátek,Den,Ne,0,0,1,"Suchý, neznečištěný",Neztížené,Přechod pro chodce nebo v jeho blízkosti,Osobní automobil,Ne,0,16.621937679,49.194149028,1850345.638423812,6307868.859762591
3024,Srážka s chodcem,Nedání přednosti v jizdě,Řidičem motorového vozidla,9/21/2018,Pátek,Den,Ne,0,0,2,"Suchý, neznečištěný",Neztížené,Přechod pro chodce nebo v jeho blízkosti,Osobní automobil,Ne,20000,16.666521679,49.203264496,1855308.706601338,6309421.768747384
3025,"Srážka s vozidlem zaparkovaným, odstaveným",Nesprávný způsob jízdy,Řidičem motorového vozidla,9/21/2018,Pátek,Den,Ne,0,0,0,"Suchý, neznečištěný",Neztížené,Přechod pro chodce nebo v jeho blízkosti,Osobní automobil,Ne,1000,16.588709679,49.1979902310001,1846646.7143837325,6308523.211310952
3027,Srážka s jedoucím nekolejovým vozidlem,Nedání přednosti v jizdě,Řidičem motorového vozidla,9/21/2018,Pátek,Den,Ne,0,0,4,"Suchý, neznečištěný",Neztížené,Přechod pro chodce nebo v jeho blízkosti,Osobní automobil,Ne,20000,16.6465073950001,49.1953255350001,1853080.7266978708,6308069.27313326
3031,"Srážka s vozidlem zaparkovaným, odstaveným",Nesprávný způsob jízdy,Řidičem motorového vozidla,9/22/2018,Sobota,Den,Ne,0,0,0,"Suchý, neznečištěný",Neztížené,Přechod pro chodce nebo v jeho blízkosti,Nákladní automobil,Ne,5000,16.6039666770001,49.1949910700001,1848345.1156321308,6308012.297842381
3032,Srážka s jedoucím nekolejovým vozidlem,Nesprávný způsob jízdy,Řidičem motorového vozidla,9/22/2018,Sobota,Den,Ne,0,0,0,"Suchý, neznečištěný",Neztížené,Přechod pro chodce nebo v jeho blízkosti,Osobní automobil,Ne,5000,16.595939688,49.1907558520001,1847451.5553040444,6307290.8721854575
3036,"Srážka s vozidlem zaparkovaným, odstaveným",Nesprávný způsob jízdy,Řidičem motorového vozidla,9/23/2018,Neděle,Den,Nezjišťováno,0,0,0,"Suchý, neznečištěný",Neztížené,Přechod pro chodce nebo v jeho blízkosti,Osobní automobil,Ne,20000,16.6527056780001,49.1941240260001,1853770.716405224,6307864.60082131
3041,Srážka s chodcem,Nedání přednosti v jizdě,Řidičem motorového vozidla,9/24/2018,Pondělí,Den,Ne,0,0,1,"Suchý, neznečištěný",Neztížené,Žádné,Osobní automobil,Ne,0,16.5801647060001,49.2163271690001,1845695.4923405333,6311647.621754646
3044,Srážka s pevnou překážkou,Nesprávný způsob jízdy,Řidičem motorového vozidla,9/24/2018,Pondělí,Den,Ne,0,0,0,"Suchý, neznečištěný",Neztížené,Žádné,Osobní automobil,Ne,30000,16.5497076890001,49.20635365,1842305.032717011,6309948.1012375215
3045,Srážka s jedoucím nekolejovým vozidlem,Nedání přednosti v jizdě,Řidičem motorového vozidla,9/24/2018,Pondělí,Den,Pod vlivem drog,0,0,0,"Suchý, neznečištěný",Neztížené,Žádné,Osobní automobil,Ne,40000,16.613307677,49.2052265950001,1849384.9509956252,6309756.068909587
3046,Havárie,Nesprávný způsob jízdy,Řidičem motorového vozidla,9/24/2018,Pondělí,Den,Nezjišťováno,0,0,0,"Suchý, neznečištěný",Neztížené,Přechod pro chodce nebo v jeho blízkosti,Osobní automobil,Ne,0,16.6044816890001,49.2010813840001,1848402.4465057226,6309049.828234692
3047,Srážka s jedoucím nekolejovým vozidlem,Nesprávný způsob jízdy,Řidičem motorového vozidla,9/24/2018,Pondělí,Den,Ne,0,0,1,"Suchý, neznečištěný",Neztížené,Žádné,Osobní automobil,Ne,20000,16.58204568,49.2213963820001,1845904.881408404,6312511.563807455
3048,Havárie,Nepřiměřená rychlost jízdy,Řidičem motorového vozidla,9/24/2018,Pondělí,Den,Pod vlivem alkoholu,0,0,0,Mokrý,Neztížené,Žádné,Osobní automobil,Ne,10000,16.624527684,49.2039905330001,1850633.9564615642,6309545.46854712
3049,Srážka s jedoucím nekolejovým vozidlem,Nesprávný způsob jízdy,Řidičem motorového vozidla,9/24/2018,Pondělí,Den,Nezjišťováno,0,0,0,"Suchý, neznečištěný",Neztížené,"Most, nadjezd, podjezd, tunel","Nezjištěno, řidič ujel",Ne,0,16.639733676,49.2127499650001,1852326.6797480118,6311038.014964921
3050,Srážka s jedoucím nekolejovým vozidlem,Nesprávný způsob jízdy,Řidičem motorového vozidla,9/24/2018,Pondělí,Den,Ne,0,0,1,"Suchý, neznečištěný",Neztížené,Žádné,Osobní automobil,Ne,30000,16.5793616780001,49.2157191090001,1845606.0996724798,6311543.996510619
3051,Srážka s jedoucím nekolejovým vozidlem,Nesprávný způsob jízdy,Řidičem motorového vozidla,9/24/2018,Pondělí,Den,Ne,0,0,0,"Suchý, neznečištěný",Neztížené,Žádné,Osobní automobil,Ne,10000,16.60194168,49.215988124,1848119.693997229,6311589.841738739
3055,"Srážka s vozidlem zaparkovaným, odstaveným",Nesprávný způsob jízdy,Řidičem motorového vozidla,9/23/2018,Neděle,Noc,Nezjišťováno,0,0,0,"Suchý, neznečištěný",Neztížené,Žádné,"Nezjištěno, řidič ujel",Ne,0,16.6241385770001,49.19336271,1850590.6412684615,6307734.91622102
3056,Srážka s chodcem,Nedání přednosti v jizdě,Řidičem motorového vozidla,9/25/2018,Úterý,Den,Nezjišťováno,0,0,1,"Suchý, neznečištěný",Neztížené,Přechod pro chodce nebo v jeho blízkosti,Osobní automobil,Ne,1000,16.606045678,49.1985132510001,1848576.5489648064,6308612.312055083
3058,Srážka s chodcem,Nedání přednosti v jizdě,Řidičem motorového vozidla,9/25/2018,Úterý,Den,Ne,0,0,1,"Suchý, neznečištěný",Neztížené,Přechod pro chodce nebo v jeho blízkosti,Nákladní automobil,Ne,0,16.6559186800001,49.1963201400001,1854128.386151781,6308238.703927249
3059,Srážka s jedoucím nekolejovým vozidlem,Nesprávný způsob jízdy,Řidičem motorového vozidla,9/25/2018,Úterý,Den,Ne,0,0,0,"Suchý, neznečištěný",Neztížené,Žádné,Nákladní automobil,Ne,150000,16.6465566750001,49.190355836,1853086.2125223754,6307222.73678224
3063,Srážka s pevnou překážkou,Nesprávný způsob jízdy,Řidičem motorového vozidla,9/26/2018,Středa,Den,Ne,0,0,0,"Suchý, neznečištěný",Neztížené,Výjezd z parkoviště,Osobní automobil,Ne,10000,16.5651716880001,49.2125209590001,1844026.4772113208,6310998.990565444
3064,"Srážka s vozidlem zaparkovaným, odstaveným",Nesprávný způsob jízdy,Řidičem motorového vozidla,9/26/2018,Středa,Noc,Nezjišťováno,0,0,0,"Suchý, neznečištěný",Neztížené,Žádné,"Nezjištěno, řidič ujel",Ne,0,16.6481486750001,49.1908998650001,1853263.43315172,6307315.402298693
3065,"Srážka s vozidlem zaparkovaným, odstaveným",Nesprávný způsob jízdy,Řidičem motorového vozidla,9/26/2018,Středa,Den,Nezjišťováno,0,0,0,"Suchý, neznečištěný",Neztížené,Žádné,"Nezjištěno, řidič ujel",Ne,0,16.6155796790001,49.2092948000001,1849637.869101351,6310449.247248304
3066,Srážka s jedoucím nekolejovým vozidlem,Nedání přednosti v jizdě,Řidičem motorového vozidla,9/26/2018,Středa,Den,Nezjišťováno,0,0,0,"Suchý, neznečištěný",Neztížené,"Most, nadjezd, podjezd, tunel","Nezjištěno, řidič ujel",Ne,0,16.5696066890001,49.19127788,1844520.1792643073,6307379.79092802
3067,"Srážka s vozidlem zaparkovaným, odstaveným",Nesprávný způsob jízdy,Řidičem motorového vozidla,9/22/2018,Sobota,Noc,Nezjišťováno,0,0,0,"Suchý, neznečištěný",Neztížené,Přechod pro chodce nebo v jeho blízkosti,Nákladní automobil,Ne,0,16.613390689,49.202978483,1849394.1918491956,6309373.039290371
3069,Srážka s jedoucím nekolejovým vozidlem,Nedání přednosti v jizdě,Řidičem motorového vozidla,9/26/2018,Středa,Den,Ne,0,0,1,"Suchý, neznečištěný",Neztížené,Přechod pro chodce nebo v jeho blízkosti,Osobní automobil,Ne,50000,16.616043679,49.1961951330001,1849689.5213450752,6308217.408818693
3071,"Srážka s vozidlem zaparkovaným, odstaveným",Nesprávný způsob jízdy,Řidičem motorového vozidla,9/26/2018,Středa,Noc,Nezjišťováno,0,0,0,"Suchý, neznečištěný",Neztížené,Přechod pro chodce nebo v jeho blízkosti,"Nezjištěno, řidič ujel",Ne,0,16.637552681,49.2030074830001,1852083.8924951886,6309377.980151741
3072,Srážka s jedoucím nekolejovým vozidlem,Nedání přednosti v jizdě,Řidičem motorového vozidla,9/26/2018,Středa,Den,Ne,0,0,1,"Suchý, neznečištěný",Neztížené,Žádné,Osobní automobil,Ne,20000,16.6183318670001,49.2225892180001,1849944.2412680772,6312714.870804564
3073,Srážka s chodcem,Nesprávný způsob jízdy,Řidičem motorového vozidla,9/26/2018,Středa,Den,Ne,0,0,1,"Suchý, neznečištěný",Neztížené,Přechod pro chodce nebo v jeho blízkosti,Osobní automobil,Ne,2000,16.6607736830001,49.2108068730001,1854668.84261354,6310706.90275018
3075,Srážka s pevnou překážkou,Nesprávný způsob jízdy,Řidičem motorového vozidla,9/27/2018,Čtvrtek,Den,Ne,0,0,0,"Suchý, neznečištěný",Neztížené,Žádné,Nákladní automobil,Ne,0,16.608792685,49.195473097,1848882.3443852498,6308094.41007984
3076,Srážka s jedoucím nekolejovým vozidlem,Nedání přednosti v jizdě,Řidičem motorového vozidla,9/27/2018,Čtvrtek,Den,Ne,0,0,1,"Suchý, neznečištěný",Neztížené,Přechod pro chodce nebo v jeho blízkosti,Osobní automobil,Ne,50000,16.6038046900001,49.2079137280001,1848327.0833217744,6310213.921051847
3077,"Srážka s vozidlem zaparkovaným, odstaveným",Nesprávný způsob jízdy,Řidičem motorového vozidla,9/27/2018,Čtvrtek,Noc,Nezjišťováno,0,0,0,"Suchý, neznečištěný",Neztížené,Žádné,"Nezjištěno, řidič ujel",Ne,0,16.648637685,49.191229881,1853317.8694959094,6307371.615061645
3082,Srážka s jedoucím nekolejovým vozidlem,Nedání přednosti v jizdě,Řidičem motorového vozidla,9/27/2018,Čtvrtek,Den,Ne,0,0,0,"Suchý, neznečištěný",Neztížené,"Most, nadjezd, podjezd, tunel",Osobní automobil,Ne,20000,16.569395682,49.194403041,1844496.6900725113,6307912.129481205
3084,Srážka s pevnou překážkou,Nesprávný způsob jízdy,Řidičem motorového vozidla,9/28/2018,Pátek,Den,Ne,0,0,0,"Suchý, neznečištěný",Neztížené,Žádné,Traktor,Ne,1000,16.6116456830001,49.1948110660001,1849199.9386698483,6307981.634762753
3085,Srážka s pevnou překážkou,Nesprávný způsob jízdy,Řidičem motorového vozidla,9/28/2018,Pátek,Noc,Nezjišťováno,0,0,0,"Suchý, neznečištěný",Neztížené,Žádné,"Nezjištěno, řidič ujel",Ne,0,16.5697396800001,49.2205433390001,1844534.9837547059,6312366.174147106
3087,Srážka s chodcem,Nesprávný způsob jízdy,Řidičem motorového vozidla,9/29/2018,Sobota,Den,Ne,0,0,1,"Suchý, neznečištěný",Neztížené,Žádné,Osobní automobil,Ne,0,16.6305686760001,49.2023834560001,1851306.4366148917,6309271.66248469
3088,Srážka s jedoucím nekolejovým vozidlem,Nedání přednosti v jizdě,Řidičem motorového vozidla,9/29/2018,Sobota,Den,Ne,0,0,1,"Suchý, neznečištěný",Neztížené,Žádné,Osobní automobil,Ne,110000,16.594602676,49.195661112,1847302.7198090176,6308126.438237784
3089,Havárie,Nesprávný způsob jízdy,Řidičem motorového vozidla,9/30/2018,Neděle,Den,Ne,0,0,1,"Suchý, neznečištěný",Neztížené,Přechod pro chodce nebo v jeho blízkosti,Motocykl,Ano,20000,16.611392688,49.2071516930001,1849171.7753952707,6310084.077776747
3092,"Srážka s vozidlem zaparkovaným, odstaveným",Nesprávný způsob jízdy,Řidičem motorového vozidla,10/1/2018,Pondělí,Noc,Nezjišťováno,0,0,0,"Suchý, neznečištěný",Neztížené,Přechod pro chodce nebo v jeho blízkosti,Osobní automobil,Ne,5000,16.6529965880001,49.191200182,1853803.1003582894,6307366.556313243
3093,Srážka s chodcem,Nezaviněná řidičem,Chodcem,10/1/2018,Pondělí,Den,Ne,0,0,1,"Suchý, neznečištěný",Neztížené,Přechod pro chodce nebo v jeho blízkosti,Osobní automobil,Ne,20000,16.646601677,49.19529909,1853091.2221220979,6308064.768278466
3095,Srážka s tramvají,Nedání přednosti v jizdě,Řidičem motorového vozidla,10/1/2018,Pondělí,Den,Ne,0,0,0,"Suchý, neznečištěný",Neztížené,Žádné,Osobní automobil,Ne,150000,16.5947236800001,49.208051739,1847316.1899126868,6310237.43698398
3096,"Srážka s vozidlem zaparkovaným, odstaveným",Nesprávný způsob jízdy,Řidičem motorového vozidla,10/1/2018,Pondělí,Noc,Nezjišťováno,0,0,0,"Suchý, neznečištěný",Neztížené,Žádné,"Nezjištěno, řidič ujel",Ne,0,16.591398682,49.196844169,1846946.0528284342,6308327.973549384
3098,Srážka s jedoucím nekolejovým vozidlem,Nedání přednosti v jizdě,Řidičem motorového vozidla,10/1/2018,Pondělí,Den,Ne,0,0,3,"Suchý, neznečištěný",Neztížené,Zastávka MHD,Osobní automobil,Ne,60000,16.6450996790001,49.207285697,1852924.0204695675,6310106.910596403
3103,Srážka s jedoucím nekolejovým vozidlem,Nesprávný způsob jízdy,Řidičem motorového vozidla,10/2/2018,Úterý,Den,Ne,0,0,1,"Suchý, neznečištěný",Neztížené,Žádné,Osobní automobil,Ne,1000,16.597117833,49.2289410870001,1847582.7058055229,6313797.566165291
3105,Srážka s pevnou překážkou,Nesprávný způsob jízdy,Řidičem motorového vozidla,10/3/2018,Středa,Den,Ne,0,0,0,Mokrý,Neztížené,Žádné,Osobní automobil,Ne,0,16.5825016860001,49.220702353,1845955.6437641268,6312393.275745865
3107,Srážka s tramvají,Nedání přednosti v jizdě,Řidičem motorového vozidla,10/3/2018,Středa,Den,Ne,0,0,0,"Suchý, neznečištěný",Neztížené,Přechod pro chodce nebo v jeho blízkosti,Osobní automobil,Ne,90000,16.5950276890001,49.208314751,1847350.0320397625,6310282.252233676
3112,Srážka s tramvají,Nedání přednosti v jizdě,Řidičem motorového vozidla,10/3/2018,Středa,Den,Nezjišťováno,0,0,0,"Suchý, neznečištěný",Neztížené,Žádné,"Nezjištěno, řidič ujel",Ne,0,16.6356256880001,49.213764021,1851869.3806156684,6311210.820149038
3116,"Srážka s vozidlem zaparkovaným, odstaveným",Nesprávný způsob jízdy,Řidičem motorového vozidla,10/4/2018,Čtvrtek,Noc,Nezjišťováno,0,0,0,"Suchý, neznečištěný",Neztížené,Žádné,"Nezjištěno, řidič ujel",Ne,0,16.632011689,49.1995223070001,1851467.0720872565,6308784.215678286
3117,"Srážka s vozidlem zaparkovaným, odstaveným",Nesprávný způsob jízdy,Řidičem motorového vozidla,10/4/2018,Čtvrtek,Den,Nezjišťováno,0,0,0,"Suchý, neznečištěný",Neztížené,Žádné,Osobní automobil,Ne,0,16.6043026830001,49.194271035,1848382.519648954,6307889.642956818
3118,"Srážka s vozidlem zaparkovaným, odstaveným",Nesprávný způsob jízdy,Řidičem motorového vozidla,10/5/2018,Pátek,Noc,Nezjišťováno,0,0,0,"Suchý, neznečištěný",Neztížené,Přechod pro chodce nebo v jeho blízkosti,"Nezjištěno, řidič ujel",Ne,0,16.610586676,49.2023304520001,1849082.0505498576,6309262.632069262
3119,Srážka s chodcem,Nesprávný způsob jízdy,Řidičem motorového vozidla,10/5/2018,Pátek,Den,Nezjišťováno,0,0,1,"Suchý, neznečištěný",Neztížené,Zastávka MHD,Osobní automobil,Ne,0,16.5866396870001,49.211939928,1846416.2839283491,6310899.979185458
3122,Srážka s jedoucím nekolejovým vozidlem,Nesprávný způsob jízdy,Řidičem motorového vozidla,10/5/2018,Pátek,Den,Pod vlivem alkoholu,0,0,0,"Suchý, neznečištěný",Neztížené,Žádné,Osobní automobil,Ne,10000,16.5944456830001,49.205239598,1847285.2434282037,6309758.284389959
3123,"Srážka s vozidlem zaparkovaným, odstaveným",Nesprávný způsob jízdy,Řidičem motorového vozidla,10/5/2018,Pátek,Den,Ne,0,0,0,"Suchý, neznečištěný",Neztížené,Přechod pro chodce nebo v jeho blízkosti,Osobní automobil,Ne,5000,16.653700676,49.2196102950001,1853881.479075919,6312207.152270187
3124,Srážka s pevnou překážkou,Nesprávný způsob jízdy,Řidičem motorového vozidla,10/5/2018,Pátek,Den,Ne,0,0,0,"Suchý, neznečištěný",Neztížené,Žádné,Osobní automobil,Ne,30000,16.5362894080001,49.2223466950001,1840811.3165087714,6312673.534781047
3125,Srážka s pevnou překážkou,Nesprávný způsob jízdy,Řidičem motorového vozidla,10/6/2018,Sobota,Noc,Ne,0,0,0,"Suchý, neznečištěný",Neztížené,Žádné,Nákladní automobil,Ne,0,16.6271856810001,49.2149630800001,1850929.8433341375,6311415.156250444
3126,"Srážka s vozidlem zaparkovaným, odstaveným",Nesprávný způsob jízdy,Řidičem motorového vozidla,10/5/2018,Pátek,Noc,Nezjišťováno,0,0,0,"Suchý, neznečištěný",Neztížené,Žádné,Nákladní automobil,Ne,5000,16.5973629690001,49.223950781,1847609.9942202235,6312946.941633587
3127,Havárie,Nepřiměřená rychlost jízdy,Řidičem nemotorového vozidla,10/6/2018,Sobota,Den,Ne,0,0,1,"Suchý, neznečištěný",Neztížené,Žádné,Jízdní kolo,Ne,1000,16.5793176770001,49.21223194,1845601.2015035662,6310949.739743109
3129,"Srážka s vozidlem zaparkovaným, odstaveným",Nesprávný způsob jízdy,Řidičem motorového vozidla,10/6/2018,Sobota,Noc,Nezjišťováno,0,0,0,"Suchý, neznečištěný",Neztížené,Žádné,"Nezjištěno, řidič ujel",Ne,0,16.61745168,49.2058266220001,1849846.2592994333,6309858.303465639
3130,"Srážka s vozidlem zaparkovaným, odstaveným",Nesprávný způsob jízdy,Řidičem motorového vozidla,10/7/2018,Neděle,Noc,Nezjišťováno,0,0,0,"Suchý, neznečištěný",Neztížené,Přechod pro chodce nebo v jeho blízkosti,"Nezjištěno, řidič ujel",Ne,0,16.619013683,49.190086814,1850020.140678011,6307176.914118886
3133,"Srážka s vozidlem zaparkovaným, odstaveným",Nesprávný způsob jízdy,Řidičem motorového vozidla,10/8/2018,Pondělí,Noc,Nezjišťováno,0,0,0,"Suchý, neznečištěný",Neztížené,Žádné,"Nezjištěno, řidič ujel",Ne,0,16.5944066760001,49.2121439410001,1847280.9011888264,6310934.744166398
3134,"Srážka s vozidlem zaparkovaným, odstaveným",Nesprávný způsob jízdy,Řidičem motorového vozidla,10/8/2018,Pondělí,Noc,Nezjišťováno,0,0,0,"Suchý, neznečištěný",Neztížené,Výjezd z parkoviště,"Nezjištěno, řidič ujel",Ne,0,16.5918096820001,49.208492757,1846991.8051391547,6310312.583241067
3137,"Srážka s vozidlem zaparkovaným, odstaveným",Nesprávný způsob jízdy,Řidičem motorového vozidla,10/8/2018,Pondělí,Noc,Nezjišťováno,0,0,0,"Suchý, znečištěný (písek, prach, štěrk, atd.)",Neztížené,Žádné,"Nezjištěno, řidič ujel",Ne,0,16.590922689,49.2092817980001,1846893.0655300517,6310447.031756613
3138,"Srážka s vozidlem zaparkovaným, odstaveným",Nepřiměřená rychlost jízdy,Řidičem motorového vozidla,10/9/2018,Úterý,Noc,Pod vlivem alkoholu,0,0,0,"Suchý, neznečištěný",Neztížené,Přechod pro chodce nebo v jeho blízkosti,Osobní automobil,Ne,30000,16.6868396840001,49.207986733,1857570.4965718773,6310226.360491431
3146,Srážka s chodcem,Nesprávný způsob jízdy,Řidičem motorového vozidla,10/9/2018,Úterý,Den,Ne,0,0,1,"Suchý, neznečištěný",Neztížené,Žádné,Osobní automobil,Ne,0,16.633246682,49.2030154820001,1851604.5508791527,6309379.342978113
3148,"Srážka s vozidlem zaparkovaným, odstaveným",Nesprávný způsob jízdy,Řidičem motorového vozidla,9/26/2018,Středa,Noc,Nezjišťováno,0,0,0,"Suchý, neznečištěný",Neztížené,Přechod pro chodce nebo v jeho blízkosti,"Nezjištěno, řidič ujel",Ne,0,16.6166146850001,49.19072385,1849753.0854422385,6307285.421210285
3149,"Srážka s vozidlem zaparkovaným, odstaveným",Nesprávný způsob jízdy,Řidičem motorového vozidla,10/10/2018,Středa,Noc,Nezjišťováno,0,0,0,"Suchý, neznečištěný",Neztížené,Žádné,"Nezjištěno, řidič ujel",Ne,0,16.621782689,49.1937210080001,1850328.3850159345,6307795.949410439
3150,"Srážka s vozidlem zaparkovaným, odstaveným",Nesprávný způsob jízdy,Řidičem motorového vozidla,10/9/2018,Úterý,Noc,Nezjišťováno,0,0,0,"Suchý, neznečištěný",Neztížené,Přechod pro chodce nebo v jeho blízkosti,"Nezjištěno, řidič ujel",Ne,0,16.627790685,49.1992332940001,1850997.1920713414,6308734.9788237335