OBJECTID,DruhNehody,HlavniPricina,Zavineni,Datum,Den,DenNoc,Alkohol,Usmrceno,Tezce,Lehce,StavPovrchu,Pocasi,SpecifikaceMista,DruhVozidla,Smyk,Skoda,X,Y,x,y
3152,Srážka s jedoucím nekolejovým vozidlem,Nedání přednosti v jizdě,Řidičem motorového vozidla,10/10/2018,Středa,Den,Ne,0,0,1,"Suchý, neznečištěný",Neztížené,Přechod pro chodce nebo v jeho blízkosti,Osobní automobil,Ne,10000,16.554278686,49.2207603580001,1842813.8737754654,6312403.16186714
3154,Srážka s pevnou překážkou,Nesprávný způsob jízdy,Řidičem motorového vozidla,10/10/2018,Středa,Den,Ne,0,0,0,"Suchý, neznečištěný",Neztížené,Žádné,Trolejbus,Ne,6000,16.601150681,49.196690163,1848031.6403913307,6308301.738152388
3157,Srážka s jedoucím nekolejovým vozidlem,Nesprávný způsob jízdy,Řidičem motorového vozidla,10/11/2018,Čtvrtek,Den,Ne,0,0,2,"Suchý, neznečištěný",Neztížené,Žádné,Nákladní automobil,Ne,10000,16.559952686,49.2047805720001,1843445.5005662264,6309680.074860861
3160,"Srážka s vozidlem zaparkovaným, odstaveným",Nesprávný způsob jízdy,Řidičem motorového vozidla,10/11/2018,Čtvrtek,Noc,Nezjišťováno,0,0,0,"Suchý, neznečištěný",Neztížené,Žádné,"Nezjištěno, řidič ujel",Ne,0,16.600507678,49.2145470560001,1847960.0616247929,6311344.259492606
3163,Srážka s jedoucím nekolejovým vozidlem,Nedání přednosti v jizdě,Řidičem motorového vozidla,10/12/2018,Pátek,Den,Ne,0,0,1,"Suchý, neznečištěný",Neztížené,Žádné,Motocykl,Ne,40000,16.5812746770001,49.222502439,1845819.053747049,6312700.080024151
3164,Srážka s chodcem,Nedání přednosti v jizdě,Řidičem motorového vozidla,10/12/2018,Pátek,Den,Ne,0,0,1,"Suchý, neznečištěný",Neztížené,Přechod pro chodce nebo v jeho blízkosti,Osobní automobil,Ne,0,16.659936682,49.190661844,1854575.6680884222,6307274.859593972
3171,"Srážka s vozidlem zaparkovaným, odstaveným",Nesprávný způsob jízdy,Řidičem motorového vozidla,10/14/2018,Neděle,Den,Ne,0,0,0,"Suchý, neznečištěný",Neztížené,Přechod pro chodce nebo v jeho blízkosti,Osobní automobil,Ne,10000,16.617457689,49.2015144100001,1849846.928218254,6309123.602307025
3174,Srážka s jedoucím nekolejovým vozidlem,Nedání přednosti v jizdě,Řidičem motorového vozidla,10/14/2018,Neděle,Den,Ne,0,0,1,"Suchý, neznečištěný",Neztížené,Přechod pro chodce nebo v jeho blízkosti,Osobní automobil,Ne,20000,16.5366836810001,49.2240365070001,1840855.206778363,6312961.553366743
3175,Srážka s pevnou překážkou,Nesprávný způsob jízdy,Řidičem motorového vozidla,10/14/2018,Neděle,Den,Nezjišťováno,0,0,0,"Suchý, neznečištěný",Neztížené,Žádné,Osobní automobil,Ne,5000,16.5997876870001,49.2119139270001,1847879.9125932993,6310895.548476798
3176,Havárie,Nesprávný způsob jízdy,Řidičem nemotorového vozidla,10/14/2018,Neděle,Den,Ne,0,0,1,"Suchý, neznečištěný",Neztížené,Žádné,Jízdní kolo,Ne,5000,16.6297106800001,49.224248522,1851210.9249370713,6312997.690780567
3178,Srážka s pevnou překážkou,Nepřiměřená rychlost jízdy,Řidičem motorového vozidla,10/14/2018,Neděle,Den,Ne,0,0,0,"Suchý, neznečištěný",Neztížené,Žádné,Osobní automobil,Ne,15000,16.6379986760001,49.1959901270001,1852133.5404314857,6308182.485890692
3179,"Srážka s vozidlem zaparkovaným, odstaveným",Nesprávný způsob jízdy,Řidičem motorového vozidla,10/6/2018,Sobota,Den,Nezjišťováno,0,0,0,"Suchý, neznečištěný",Neztížené,Přechod pro chodce nebo v jeho blízkosti,Nákladní automobil,Ne,0,16.6018816820001,49.1976432120001,1848113.0150504222,6308464.094299791
3182,"Srážka s vozidlem zaparkovaným, odstaveným",Nesprávný způsob jízdy,Řidičem motorového vozidla,10/10/2018,Středa,Noc,Nezjišťováno,0,0,0,"Suchý, neznečištěný",Neztížené,Přechod pro chodce nebo v jeho blízkosti,"Nezjištěno, řidič ujel",Ne,0,16.6265276880001,49.1976222100001,1850856.5958884316,6308460.516481724
3183,Jiný druh nehody,Nesprávný způsob jízdy,Řidičem nemotorového vozidla,10/15/2018,Pondělí,Den,Pod vlivem alkoholu,0,0,1,"Suchý, neznečištěný",Neztížené,Výjezd z parkoviště,Jízdní kolo,Ne,500,16.66714768,49.202745474,1855378.3927138941,6309333.340596734
3186,Havárie,Nesprávný způsob jízdy,Řidičem motorového vozidla,10/15/2018,Pondělí,Den,Ne,0,0,1,"Suchý, neznečištěný",Neztížené,Žádné,Motocykl,Ne,15000,16.616202684,49.2207723510001,1849707.221700709,6312405.205903625
3187,Srážka s pevnou překážkou,Nepřiměřená rychlost jízdy,Řidičem motorového vozidla,10/15/2018,Pondělí,Den,Ne,0,0,0,"Suchý, neznečištěný",Neztížené,"Most, nadjezd, podjezd, tunel",Motocykl,Ano,50000,16.5831836780001,49.2165711550001,1846031.562766293,6311689.202070247
3188,"Srážka s vozidlem zaparkovaným, odstaveným",Nesprávný způsob jízdy,Řidičem motorového vozidla,10/16/2018,Úterý,Den,Ne,0,0,0,"Suchý, neznečištěný",Neztížené,Přechod pro chodce nebo v jeho blízkosti,Nákladní automobil,Ne,0,16.603736688,49.214758063,1848319.5133737575,6311380.218190074
3189,Srážka s pevnou překážkou,Nesprávný způsob jízdy,Řidičem motorového vozidla,10/16/2018,Úterý,Noc,Nezjišťováno,0,0,0,"Suchý, neznečištěný",Neztížené,Žádné,"Nezjištěno, řidič ujel",Ne,0,16.715469679,49.201994433,1860757.5730366865,6309205.383951625
3191,Srážka s jedoucím nekolejovým vozidlem,Nesprávný způsob jízdy,Řidičem motorového vozidla,10/16/2018,Úterý,Den,Ne,0,0,0,"Suchý, neznečištěný",Neztížené,Přechod pro chodce nebo v jeho blízkosti,Osobní automobil,Ne,80000,16.6429946820001,49.2120989380001,1852689.6932754058,6310927.075385713
3193,"Srážka s vozidlem zaparkovaným, odstaveným",Nesprávný způsob jízdy,Řidičem motorového vozidla,10/16/2018,Úterý,Noc,Nezjišťováno,0,0,0,"Suchý, neznečištěný",Neztížené,Přechod pro chodce nebo v jeho blízkosti,"Nezjištěno, řidič ujel",Ne,0,16.6800046770001,49.2039595300001,1856809.627073068,6309540.186320674
3194,"Srážka s vozidlem zaparkovaným, odstaveným",Nesprávný způsob jízdy,Řidičem motorového vozidla,10/16/2018,Úterý,Noc,Nezjišťováno,0,0,0,"Suchý, neznečištěný",Neztížené,Žádné,"Nezjištěno, řidič ujel",Ne,0,16.622222686,49.1943950450001,1850377.365257925,6307910.767403166
3195,Srážka s lesní zvěří,Nezaviněná řidičem,"Lesní zvěří, domácim zvířetem",10/16/2018,Úterý,Den,Nezjišťováno,0,0,0,"Suchý, neznečištěný",Neztížené,Žádné,Osobní automobil,Ne,30000,16.687967686,49.224366521,1857696.065180128,6313017.803475107
3196,Srážka s lesní zvěří,Nezaviněná řidičem,"Lesní zvěří, domácim zvířetem",10/17/2018,Středa,Noc,Nezjišťováno,0,0,0,"Suchý, neznečištěný",Neztížené,Žádné,Osobní automobil,Ne,10000,16.7029316860001,49.2253385660001,1859361.8500403606,6313183.488436899
3197,Srážka s pevnou překážkou,Nesprávný způsob jízdy,Řidičem motorového vozidla,10/17/2018,Středa,Den,Ne,0,0,0,"Suchý, neznečištěný",Neztížené,Žádné,Osobní automobil,Ne,10000,16.5815476830001,49.216370146,1845849.4446359512,6311654.945919101
3198,Srážka s jedoucím nekolejovým vozidlem,Nesprávný způsob jízdy,Řidičem motorového vozidla,10/17/2018,Středa,Den,Ne,0,0,1,"Suchý, neznečištěný",Neztížené,Žádné,Nákladní automobil,Ne,20000,16.606079688,49.219630302,1848580.3349406857,6312210.562100056
3201,Srážka s jedoucím nekolejovým vozidlem,Nesprávný způsob jízdy,Řidičem motorového vozidla,10/17/2018,Středa,Den,Ne,0,0,1,"Suchý, neznečištěný",Neztížené,Přechod pro chodce nebo v jeho blízkosti,Osobní automobil,Ne,20000,16.587792682,49.222245426,1846544.6347446344,6312656.274384276
3204,"Srážka s vozidlem zaparkovaným, odstaveným",Nesprávný způsob jízdy,Řidičem motorového vozidla,10/18/2018,Čtvrtek,Noc,Nezjišťováno,0,0,0,"Suchý, neznečištěný",Neztížené,Žádné,"Nezjištěno, řidič ujel",Ne,0,16.5926806800001,49.2227284510001,1847088.7641929945,6312738.6020003455
3205,"Srážka s vozidlem zaparkovaným, odstaveným",Nesprávný způsob jízdy,Řidičem motorového vozidla,10/17/2018,Středa,Noc,Nezjišťováno,0,0,0,"Suchý, neznečištěný",Neztížené,Přechod pro chodce nebo v jeho blízkosti,"Nezjištěno, řidič ujel",Ne,0,16.6101116780001,49.19084186,1849029.1740143741,6307305.52214582
3206,"Srážka s vozidlem zaparkovaným, odstaveným",Nesprávný způsob jízdy,Řidičem motorového vozidla,10/18/2018,Čtvrtek,Noc,Nezjišťováno,0,0,0,"Suchý, neznečištěný",Neztížené,Žádné,"Nezjištěno, řidič ujel",Ne,0,16.58222468,49.1925869510001,1845924.8075972567,6307602.773414551
3213,Jiný druh nehody,Technická závada vozidla,Technickou závadou vozidla,10/19/2018,Pátek,Den,Nezjišťováno,0,0,0,"Suchý, neznečištěný",Neztížené,Přechod pro chodce nebo v jeho blízkosti,Nákladní automobil,Ne,0,16.646370685,49.1947940640001,1853065.508210279,6307978.738534661
3215,Srážka s pevnou překážkou,Nepřiměřená rychlost jízdy,Řidičem motorového vozidla,10/19/2018,Pátek,Den,Pod vlivem alkoholu,0,0,0,"Suchý, neznečištěný",Neztížené,Přechod pro chodce nebo v jeho blízkosti,Nákladní automobil,Ne,30000,16.5320766830001,49.2262266070001,1840342.358106919,6313334.857775325
3219,Srážka s tramvají,Nesprávný způsob jízdy,Řidičem motorového vozidla,10/20/2018,Sobota,Den,Pod vlivem alkoholu,0,0,0,"Suchý, neznečištěný",Neztížené,Přechod pro chodce nebo v jeho blízkosti,Osobní automobil,Ne,20000,16.5922826770001,49.2081277450001,1847044.458701702,6310250.387805342
3220,Havárie,Nesprávný způsob jízdy,Řidičem nemotorového vozidla,10/20/2018,Sobota,Den,Ne,0,0,1,"Suchý, neznečištěný",Neztížené,Žádné,Jízdní kolo,Ne,2000,16.639835686,49.2241865170001,1852338.035449265,6312987.122171062
3221,Srážka s chodcem,Nedání přednosti v jizdě,Řidičem motorového vozidla,10/20/2018,Sobota,Den,Ne,0,1,1,"Suchý, neznečištěný",Neztížené,Přechod pro chodce nebo v jeho blízkosti,Osobní automobil,Ne,0,16.6112926820001,49.190896857,1849160.6427782779,6307314.889937404
3222,Srážka s pevnou překážkou,Nesprávný způsob jízdy,Řidičem motorového vozidla,10/20/2018,Sobota,Noc,Nezjišťováno,0,0,0,"Suchý, neznečištěný",Neztížené,Zastávka MHD,Osobní automobil,Ne,5000,16.5968336870001,49.22042134,1847551.0748174973,6312345.381270072
3224,"Srážka s vozidlem zaparkovaným, odstaveným",Nesprávný způsob jízdy,Řidičem motorového vozidla,10/21/2018,Neděle,Noc,Nezjišťováno,0,0,0,"Suchý, neznečištěný",Neztížené,Přechod pro chodce nebo v jeho blízkosti,Osobní automobil,Ne,10000,16.617143679,49.216279141,1849811.9727849485,6311639.436803459
3225,Srážka s chodcem,Nedání přednosti v jizdě,Řidičem motorového vozidla,10/22/2018,Pondělí,Den,Ne,0,1,0,"Suchý, neznečištěný",Neztížené,Přechod pro chodce nebo v jeho blízkosti,Osobní automobil,Ne,2000,16.632713682,49.1903598320001,1851545.2175905579,6307223.417424975
3228,"Srážka s vozidlem zaparkovaným, odstaveným",Nesprávný způsob jízdy,Řidičem motorového vozidla,10/22/2018,Pondělí,Noc,Nezjišťováno,0,0,0,"Suchý, neznečištěný",Neztížené,Přechod pro chodce nebo v jeho blízkosti,"Nezjištěno, řidič ujel",Ne,0,16.595503679,49.2230874590001,1847403.0190041834,6312799.79246584
3229,"Srážka s vozidlem zaparkovaným, odstaveným",Nesprávný způsob jízdy,Řidičem motorového vozidla,10/22/2018,Pondělí,Den,Ne,0,0,0,"Suchý, neznečištěný",Neztížené,Žádné,Autobus,Ne,20000,16.621761384,49.2001102680001,1850326.0133541808,6308884.382822695
3230,Srážka s jedoucím nekolejovým vozidlem,Nedání přednosti v jizdě,Řidičem motorového vozidla,10/22/2018,Pondělí,Den,Ne,0,0,1,"Suchý, neznečištěný",Neztížené,Žádné,Nákladní automobil,Ne,30000,16.6227056870001,49.2097048200001,1850431.1326833,6310519.1134065
3231,Srážka s pevnou překážkou,Nepřiměřená rychlost jízdy,Řidičem motorového vozidla,10/22/2018,Pondělí,Den,Ne,0,1,0,"Suchý, neznečištěný",Neztížené,"Most, nadjezd, podjezd, tunel",Motocykl,Ano,20000,16.5696366880001,49.1924149440001,1844523.5187377105,6307573.47401876
3234,"Srážka s vozidlem zaparkovaným, odstaveným",Nesprávný způsob jízdy,Řidičem motorového vozidla,10/22/2018,Pondělí,Noc,Nezjišťováno,0,0,0,"Suchý, neznečištěný",Neztížené,Žádné,"Nezjištěno, řidič ujel",Ne,0,16.624936684,49.200831372,1850679.4861332977,6309007.234311918
3235,Srážka s pevnou překážkou,Nesprávný způsob jízdy,Řidičem motorového vozidla,10/22/2018,Pondělí,Den,Ne,0,0,0,"Suchý, neznečištěný",Neztížené,Žádné,Nákladní automobil,Ne,0,16.597440686,49.202888477,1847618.6456370843,6309357.704578898
3236,Srážka s chodcem,Nezaviněná řidičem,Chodcem,10/22/2018,Pondělí,Den,Ne,0,0,1,"Suchý, neznečištěný",Neztížené,Žádné,Osobní automobil,Ne,30000,16.5652656890001,49.1943970470001,1844036.9413547723,6307911.108433688
3238,Srážka s chodcem,Nesprávný způsob jízdy,Řidičem motorového vozidla,10/22/2018,Pondělí,Den,Ne,0,1,0,"Suchý, neznečištěný",Neztížené,Přechod pro chodce nebo v jeho blízkosti,Osobní automobil,Ne,20000,16.6432146770001,49.2191602790001,1852714.1830067835,6312130.455578881
3241,Srážka s jedoucím nekolejovým vozidlem,Nesprávný způsob jízdy,Řidičem motorového vozidla,10/23/2018,Úterý,Den,Ne,0,0,0,"Suchý, neznečištěný",Neztížené,Žádné,Osobní automobil,Ne,110000,16.5741836880001,49.2118919220001,1845029.6884623477,6310891.798709604
3242,Srážka s jedoucím nekolejovým vozidlem,Nesprávný způsob jízdy,Řidičem motorového vozidla,10/23/2018,Úterý,Den,Nezjišťováno,0,0,0,"Suchý, neznečištěný",Neztížené,Výjezd z parkoviště,"Nezjištěno, řidič ujel",Ne,0,16.611976676,49.199137287,1849236.7846420617,6308718.622935602
3243,"Srážka s vozidlem zaparkovaným, odstaveným",Nesprávný způsob jízdy,Řidičem motorového vozidla,10/23/2018,Úterý,Noc,Nezjišťováno,0,0,0,"Suchý, neznečištěný",Neztížené,Přechod pro chodce nebo v jeho blízkosti,"Nezjištěno, řidič ujel",Ne,0,16.6426436840001,49.196121131,1852650.6203567775,6308204.802505019
3247,Srážka s jedoucím nekolejovým vozidlem,Nedání přednosti v jizdě,Řidičem motorového vozidla,10/24/2018,Středa,Den,Ne,0,0,1,"Suchý, neznečištěný",Neztížené,Žádné,Osobní automobil,Ne,50000,16.6164516870001,49.1919139140001,1849734.9405878775,6307488.129954776
3248,"Srážka s vozidlem zaparkovaným, odstaveným",Nesprávný způsob jízdy,Řidičem motorového vozidla,10/24/2018,Středa,Noc,Nezjišťováno,0,0,0,"Suchý, neznečištěný",Neztížené,Přechod pro chodce nebo v jeho blízkosti,"Nezjištěno, řidič ujel",Ne,0,16.61227868,49.190940862,1849270.4035735582,6307322.385438633
3252,"Srážka s vozidlem zaparkovaným, odstaveným",Nesprávný způsob jízdy,Řidičem motorového vozidla,10/23/2018,Úterý,Den,Nezjišťováno,0,0,0,Mokrý,Neztížené,Výjezd z parkoviště,Osobní automobil,Ne,15000,16.6157228280001,49.192709472,1849653.804375138,6307623.643506799
3253,Srážka s jedoucím nekolejovým vozidlem,Nedání přednosti v jizdě,Řidičem motorového vozidla,10/24/2018,Středa,Den,Ne,0,0,1,"Suchý, neznečištěný",Neztížené,Přechod pro chodce nebo v jeho blízkosti,Osobní automobil,Ne,120000,16.6253906900001,49.203659245,1850730.0258500394,6309489.024560346
3254,"Srážka s vozidlem zaparkovaným, odstaveným",Nesprávný způsob jízdy,Řidičem motorového vozidla,10/24/2018,Středa,Noc,Nezjišťováno,0,0,0,"Suchý, neznečištěný",Neztížené,Žádné,"Nezjištěno, řidič ujel",Ne,0,16.5842876790001,49.220876355,1846154.459595447,6312422.93192882
3255,"Srážka s vozidlem zaparkovaným, odstaveným",Nepřiměřená rychlost jízdy,Řidičem motorového vozidla,10/25/2018,Čtvrtek,Noc,Pod vlivem alkoholu,0,0,0,"Suchý, neznečištěný",Neztížené,Žádné,Osobní automobil,Ano,30000,16.5938386830001,49.1956411040001,1847217.672497292,6308123.029890197
3256,Srážka s jedoucím nekolejovým vozidlem,Nesprávný způsob jízdy,Řidičem nemotorového vozidla,10/25/2018,Čtvrtek,Den,Ne,0,0,1,"Suchý, neznečištěný",Neztížené,Žádné,Jízdní kolo,Ne,1000,16.625424681,49.191466889,1850733.8097108458,6307411.985682689
3258,Havárie,Nesprávný způsob jízdy,Řidičem motorového vozidla,10/25/2018,Čtvrtek,Den,Ne,0,0,0,"Suchý, znečištěný (písek, prach, štěrk, atd.)",Neztížené,Žádné,Nákladní automobil,Ne,0,16.536866677,49.2297507760001,1840875.5777998979,6313935.59011666
3259,Srážka s jedoucím nekolejovým vozidlem,Nesprávný způsob jízdy,Řidičem motorového vozidla,10/25/2018,Čtvrtek,Den,Nezjišťováno,0,0,0,"Suchý, neznečištěný",Neztížené,Žádné,Osobní automobil,Ne,0,16.5970496840001,49.206118642,1847575.11949355,6309908.059233885
3261,Jiný druh nehody,Nesprávný způsob jízdy,Řidičem motorového vozidla,10/25/2018,Čtvrtek,Den,Nezjišťováno,0,0,0,"Suchý, neznečištěný",Neztížené,Žádné,"Nezjištěno, řidič ujel",Ne,0,16.5714806870001,49.2087547720001,1844728.7917674156,6310357.229007317
3263,"Srážka s vozidlem zaparkovaným, odstaveným",Nesprávný způsob jízdy,Řidičem motorového vozidla,10/25/2018,Čtvrtek,Noc,Nezjišťováno,0,0,0,"Suchý, neznečištěný",Neztížené,Přechod pro chodce nebo v jeho blízkosti,"Nezjištěno, řidič ujel",Ne,0,16.544069682,49.192216929,1841677.4126486802,6307539.74458821
3264,"Srážka s vozidlem zaparkovaným, odstaveným",Nesprávný způsob jízdy,Řidičem motorového vozidla,10/25/2018,Čtvrtek,Noc,Nezjišťováno,0,0,0,"Suchý, neznečištěný",Neztížené,Přechod pro chodce nebo v jeho blízkosti,"Nezjištěno, řidič ujel",Ne,0,16.593092685,49.223631487,1847134.6283797976,6312892.519175922
3265,"Srážka s vozidlem zaparkovaným, odstaveným",Nesprávný způsob jízdy,Řidičem motorového vozidla,10/25/2018,Čtvrtek,Den,Nezjišťováno,0,0,0,"Suchý, neznečištěný",Neztížené,Žádné,Osobní automobil,Ne,1000,16.6335526820001,49.1989322800001,1851638.6146433381,6308683.6977598015
3269,Srážka s jedoucím nekolejovým vozidlem,Nesprávný způsob jízdy,Řidičem motorového vozidla,10/26/2018,Pátek,Den,Ne,0,0,1,"Suchý, neznečištěný",Neztížené,Žádné,Osobní automobil,Ne,60000,16.5823166800001,49.2214603830001,1845935.0489904154,6312522.472014879
3270,Srážka s jedoucím nekolejovým vozidlem,Nedání přednosti v jizdě,Řidičem motorového vozidla,10/26/2018,Pátek,Den,Pod vlivem drog,0,0,1,"Suchý, neznečištěný",Neztížené,Přechod pro chodce nebo v jeho blízkosti,Osobní automobil,Ne,60000,16.6198826790001,49.2247185360001,1850116.8768702336,6313077.804016144
3271,"Srážka s vozidlem zaparkovaným, odstaveným",Nesprávný způsob jízdy,Řidičem motorového vozidla,10/26/2018,Pátek,Noc,Nezjišťováno,0,0,0,"Suchý, neznečištěný",Neztížené,Žádné,"Nezjištěno, řidič ujel",Ne,0,16.638191685,49.202171445,1852155.0260950828,6309235.5417329
3273,"Srážka s vozidlem zaparkovaným, odstaveným",Nesprávný způsob jízdy,Řidičem motorového vozidla,10/26/2018,Pátek,Noc,Nezjišťováno,0,0,0,"Suchý, neznečištěný",Neztížené,Přechod pro chodce nebo v jeho blízkosti,"Nezjištěno, řidič ujel",Ne,0,16.571760677,49.220812359,1844759.9601116392,6312412.024702485
3274,"Srážka s vozidlem zaparkovaným, odstaveným",Nesprávný způsob jízdy,Řidičem motorového vozidla,10/23/2018,Úterý,Noc,Nezjišťováno,0,0,0,"Suchý, neznečištěný",Neztížené,Žádné,"Nezjištěno, řidič ujel",Ne,0,16.6215324500001,49.2256733200001,1850300.528537881,6313240.54797336
3275,Havárie,Nepřiměřená rychlost jízdy,Řidičem motorového vozidla,10/26/2018,Pátek,Den,Ne,0,0,1,"Suchý, neznečištěný",Neztížené,Žádné,Motocykl,Ano,40000,16.5925226850001,49.201878424,1847071.1762700472,6309185.619395078
3276,"Srážka s vozidlem zaparkovaným, odstaveným",Nesprávný způsob jízdy,Řidičem motorového vozidla,10/26/2018,Pátek,Noc,Nezjišťováno,0,0,0,"Suchý, neznečištěný",Neztížené,Přechod pro chodce nebo v jeho blízkosti,"Nezjištěno, řidič ujel",Ne,0,16.6600516770001,49.206354649,1854588.469273271,6309948.271453248
3277,"Srážka s vozidlem zaparkovaným, odstaveným",Nesprávný způsob jízdy,Řidičem motorového vozidla,10/26/2018,Pátek,Noc,Nezjišťováno,0,0,0,"Suchý, neznečištěný",Neztížené,Přechod pro chodce nebo v jeho blízkosti,"Nezjištěno, řidič ujel",Ne,0,16.671327675,49.203449505,1855843.7076288143,6309453.289800793
3279,Srážka s jedoucím nekolejovým vozidlem,Nesprávný způsob jízdy,Řidičem motorového vozidla,10/26/2018,Pátek,Den,Ne,0,0,0,"Suchý, neznečištěný",Neztížené,Žádné,Osobní automobil,Ne,10000,16.618433883,49.2202510050001,1849955.5976372466,6312316.350341685
3280,Havárie,Nesprávný způsob jízdy,Řidičem nemotorového vozidla,10/26/2018,Pátek,Noc,Pod vlivem alkoholu,0,1,0,"Suchý, neznečištěný",Neztížené,Žádné,Jízdní kolo,Ne,1000,16.5339506890001,49.220871361,1840550.9715005802,6312422.080770611
3282,Srážka s pevnou překážkou,Nepřiměřená rychlost jízdy,Řidičem motorového vozidla,10/27/2018,Sobota,Den,Ne,0,0,0,Mokrý,Déšť,Žádné,Osobní automobil,Ano,15000,16.576934679,49.19395202,1845335.9273796414,6307835.300685452
3283,Srážka s jedoucím nekolejovým vozidlem,Nesprávný způsob jízdy,Řidičem motorového vozidla,10/27/2018,Sobota,Den,Pod vlivem alkoholu,0,0,0,Mokrý,Neztížené,Přechod pro chodce nebo v jeho blízkosti,Osobní automobil,Ne,20000,16.5976866830001,49.205431608,1847646.0298978647,6309790.999553238
3286,Srážka s jedoucím nekolejovým vozidlem,Nesprávné předjíždění,Řidičem motorového vozidla,10/28/2018,Neděle,Den,Nezjišťováno,0,0,0,Mokrý,Neztížené,Výjezd z parkoviště,Osobní automobil,Ne,50000,16.5930446890001,49.213516005,1847129.2854895198,6311168.555439177
3288,Srážka s pevnou překážkou,Nesprávný způsob jízdy,Řidičem motorového vozidla,10/28/2018,Neděle,Den,Ne,0,0,0,"Suchý, neznečištěný",Neztížené,Přechod pro chodce nebo v jeho blízkosti,Osobní automobil,Ne,10000,16.60687168,49.2172781900001,1848668.49908684,6311809.696775981
3293,Srážka s pevnou překážkou,Nesprávný způsob jízdy,Řidičem motorového vozidla,10/28/2018,Neděle,Den,Ne,0,0,0,Mokrý,Déšť,Žádné,Nákladní automobil,Ne,0,16.691907681,49.203913529,1858134.6634172555,6309532.348772378
3295,Srážka s chodcem,Nedání přednosti v jizdě,Řidičem motorového vozidla,10/29/2018,Pondělí,Den,Ne,0,0,1,Mokrý,Déšť,Přechod pro chodce nebo v jeho blízkosti,Osobní automobil,Ne,10000,16.5927596880001,49.2276876780001,1847097.5593233234,6313583.907771958
3296,Srážka s jedoucím nekolejovým vozidlem,Nesprávný způsob jízdy,Řidičem motorového vozidla,10/29/2018,Pondělí,Den,Ne,0,0,1,Mokrý,Déšť,Přechod pro chodce nebo v jeho blízkosti,Osobní automobil,Ne,5000,16.6258816760001,49.2006313680001,1850784.682161545,6308973.160282798
3297,Srážka s pevnou překážkou,Nepřiměřená rychlost jízdy,Řidičem motorového vozidla,10/29/2018,Pondělí,Den,Ne,0,0,0,Mokrý,Déšť,Žádné,Osobní automobil,Ano,10000,16.603635678,49.21934129,1848308.268991995,6312161.3053864585
3300,"Srážka s vozidlem zaparkovaným, odstaveným",Nesprávný způsob jízdy,Řidičem motorového vozidla,10/29/2018,Pondělí,Noc,Nezjišťováno,0,0,0,Mokrý,Déšť,Přechod pro chodce nebo v jeho blízkosti,Osobní automobil,Ne,20000,16.6012056880001,49.2132449920001,1848037.7637425624,6311122.372024883
3302,Srážka s jedoucím nekolejovým vozidlem,Nesprávný způsob jízdy,Řidičem motorového vozidla,10/24/2018,Středa,Den,Ne,0,0,1,"Suchý, neznečištěný",Neztížené,Žádné,Nákladní automobil,Ne,30000,16.5949246820001,49.1910968710001,1847338.5653529735,6307348.958964712
3303,Srážka s chodcem,Nezaviněná řidičem,Chodcem,10/29/2018,Pondělí,Den,Pod vlivem alkoholu,0,0,1,"Suchý, neznečištěný",Neztížené,Přechod pro chodce nebo v jeho blízkosti,Osobní automobil,Ne,10000,16.6204276770001,49.19145489,1850177.5457700782,6307409.941835296
3304,"Srážka s vozidlem zaparkovaným, odstaveným",Nesprávný způsob jízdy,Řidičem motorového vozidla,10/27/2018,Sobota,Noc,Nezjišťováno,0,0,0,Mokrý,Neztížené,Žádné,Osobní automobil,Ne,0,16.589974265,49.209757353,1846787.4874533154,6310528.06491144
3307,Havárie,Nesprávný způsob jízdy,Řidičem nemotorového vozidla,10/29/2018,Pondělí,Den,Ne,0,0,1,"Suchý, neznečištěný",Neztížené,Přechod pro chodce nebo v jeho blízkosti,Jízdní kolo,Ne,2000,16.6017876820001,49.1995183070001,1848102.5510182888,6308783.534228021
3308,"Srážka s vozidlem zaparkovaným, odstaveným",Nepřiměřená rychlost jízdy,Řidičem motorového vozidla,10/30/2018,Úterý,Den,Nezjišťováno,0,0,1,"Suchý, neznečištěný",Neztížené,Přechod pro chodce nebo v jeho blízkosti,Osobní automobil,Ne,60000,16.6865996780001,49.213622012,1857543.7792261685,6311186.620195736
3310,"Srážka s vozidlem zaparkovaným, odstaveným",Nesprávný způsob jízdy,Řidičem motorového vozidla,10/30/2018,Úterý,Noc,Nezjišťováno,0,0,0,"Suchý, neznečištěný",Neztížené,Přechod pro chodce nebo v jeho blízkosti,Osobní automobil,Ne,15000,16.601552676,49.205239599,1848076.3902700327,6309758.284560339
3311,"Srážka s vozidlem zaparkovaným, odstaveným",Nesprávný způsob jízdy,Řidičem motorového vozidla,10/30/2018,Úterý,Noc,Nezjišťováno,0,0,0,"Suchý, neznečištěný",Neztížené,Žádné,"Nezjištěno, řidič ujel",Ne,0,16.5947596820001,49.2003923560001,1847320.1976369948,6308932.440768677