OBJECTID,DruhNehody,HlavniPricina,Zavineni,Datum,Den,DenNoc,Alkohol,Usmrceno,Tezce,Lehce,StavPovrchu,Pocasi,SpecifikaceMista,DruhVozidla,Smyk,Skoda,X,Y,x,y
3312,"Srážka s vozidlem zaparkovaným, odstaveným",Nesprávný způsob jízdy,Řidičem motorového vozidla,10/30/2018,Úterý,Noc,Nezjišťováno,0,0,0,"Suchý, neznečištěný",Neztížené,Přechod pro chodce nebo v jeho blízkosti,Nákladní automobil,Ne,0,16.6449176830001,49.2055156100001,1852903.7607675232,6309805.312072469
3313,"Srážka s vozidlem zaparkovaným, odstaveným",Nesprávný způsob jízdy,Řidičem motorového vozidla,10/30/2018,Úterý,Noc,Nezjišťováno,0,0,0,"Suchý, neznečištěný",Neztížené,Žádné,"Nezjištěno, řidič ujel",Ne,0,16.6090076850001,49.21225194,1848906.2780757733,6310953.147871179
3315,Srážka s jedoucím nekolejovým vozidlem,Nesprávný způsob jízdy,Řidičem motorového vozidla,10/30/2018,Úterý,Den,Nezjišťováno,0,0,0,"Suchý, neznečištěný",Nárazový vítr,Žádné,"Nezjištěno, řidič ujel",Ne,0,16.562847688,49.2121089330001,1843767.770714712,6310928.778592966
3316,Srážka s pevnou překážkou,Nesprávný způsob jízdy,Řidičem motorového vozidla,10/30/2018,Úterý,Den,Nezjišťováno,0,0,0,"Suchý, neznečištěný",Neztížené,Přechod pro chodce nebo v jeho blízkosti,"Nezjištěno, řidič ujel",Ne,0,16.599387689,49.2065736660001,1847835.385019617,6309985.588991171
3317,"Srážka s vozidlem zaparkovaným, odstaveným",Nesprávný způsob jízdy,Řidičem motorového vozidla,10/30/2018,Úterý,Den,Nezjišťováno,0,0,0,"Suchý, neznečištěný",Neztížené,Přechod pro chodce nebo v jeho blízkosti,Nákladní automobil,Ne,20000,16.625967679,49.2046755700001,1850794.255971709,6309662.184566766
3319,Srážka s jedoucím nekolejovým vozidlem,Nesprávný způsob jízdy,Řidičem motorového vozidla,10/31/2018,Středa,Den,Nezjišťováno,0,0,0,"Suchý, neznečištěný",Neztížené,Žádné,"Nezjištěno, řidič ujel",Ne,0,16.6424776870001,49.207691723,1852632.1416552633,6310176.093375018
3322,"Srážka s vozidlem zaparkovaným, odstaveným",Nesprávný způsob jízdy,Řidičem motorového vozidla,10/31/2018,Středa,Noc,Nezjišťováno,0,0,0,"Suchý, neznečištěný",Neztížené,Přechod pro chodce nebo v jeho blízkosti,"Nezjištěno, řidič ujel",Ne,0,16.670181676,49.203330502,1855716.1356036828,6309433.014557846
3327,Srážka s chodcem,Nedání přednosti v jizdě,Řidičem motorového vozidla,10/31/2018,Středa,Den,Ne,0,1,0,"Suchý, neznečištěný",Neztížené,Přechod pro chodce nebo v jeho blízkosti,Osobní automobil,Ne,0,16.6372936760001,49.214344043,1852055.0601904783,6311309.663235233
3329,"Srážka s vozidlem zaparkovaným, odstaveným",Nesprávný způsob jízdy,Řidičem motorového vozidla,10/31/2018,Středa,Noc,Nezjišťováno,0,0,0,"Suchý, neznečištěný",Neztížené,Přechod pro chodce nebo v jeho blízkosti,"Nezjištěno, řidič ujel",Ne,0,16.6159546850001,49.201403402,1849679.6145783167,6309104.689957912
3332,Srážka s jedoucím nekolejovým vozidlem,Nedání přednosti v jizdě,Řidičem motorového vozidla,11/1/2018,Čtvrtek,Noc,Ne,0,0,0,"Suchý, neznečištěný",Neztížené,Přechod pro chodce nebo v jeho blízkosti,Osobní automobil,Ne,80000,16.5878496770001,49.2179422180001,1846550.9793990147,6311922.8636888135
3337,"Srážka s vozidlem zaparkovaným, odstaveným",Nesprávný způsob jízdy,Řidičem motorového vozidla,11/1/2018,Čtvrtek,Noc,Nezjišťováno,0,0,0,"Suchý, neznečištěný",Neztížené,Žádné,"Nezjištěno, řidič ujel",Ne,0,16.5805506830001,49.19303797,1845738.4591036323,6307679.599749546
3338,Srážka s jedoucím nekolejovým vozidlem,Nedání přednosti v jizdě,Řidičem motorového vozidla,11/1/2018,Čtvrtek,Noc,Ne,0,0,0,Mokrý,Neztížené,Přechod pro chodce nebo v jeho blízkosti,Osobní automobil,Ne,30000,16.6156927550001,49.1961478530001,1849650.456664091,6308209.3546218965
3339,Srážka s jedoucím nekolejovým vozidlem,Nedání přednosti v jizdě,Řidičem motorového vozidla,11/2/2018,Pátek,Den,Nezjišťováno,0,0,0,"Suchý, neznečištěný",Neztížené,Přechod pro chodce nebo v jeho blízkosti,"Nezjištěno, řidič ujel",Ne,0,16.5636426830001,49.2123702110001,1843856.2691532993,6310973.302035113
3341,Jiný druh nehody,Nedání přednosti v jizdě,Řidičem motorového vozidla,11/2/2018,Pátek,Den,Nezjišťováno,0,0,1,"Suchý, neznečištěný",Neztížené,Žádné,"Nezjištěno, řidič ujel",Ne,0,16.643456686,49.212428957,1852741.1233254285,6310983.312761609
3343,Srážka s chodcem,Nezaviněná řidičem,Chodcem,11/2/2018,Pátek,Den,Ne,0,0,1,"Suchý, neznečištěný",Neztížené,Žádné,Jízdní kolo,Ne,10000,16.6382796790001,49.2044505580001,1852164.8215423569,6309623.847035839
3344,Srážka s chodcem,Nezaviněná řidičem,Chodcem,11/2/2018,Pátek,Noc,Pod vlivem alkoholu,0,0,1,Mokrý,Slabý déšť,Přechod pro chodce nebo v jeho blízkosti,Tramvaj,Ne,5000,16.611994683,49.1970521790001,1849238.7891721318,6308363.408823989
3349,"Srážka s vozidlem zaparkovaným, odstaveným",Nesprávný způsob jízdy,Řidičem motorového vozidla,11/3/2018,Sobota,Noc,Nezjišťováno,0,0,0,Mokrý,Slabý déšť,Přechod pro chodce nebo v jeho blízkosti,"Nezjištěno, řidič ujel",Ne,0,16.595025677,49.2199943190001,1847349.8080649427,6312272.602429088
3351,"Srážka s vozidlem zaparkovaným, odstaveným",Nesprávný způsob jízdy,Řidičem motorového vozidla,11/3/2018,Sobota,Noc,Nezjišťováno,0,0,0,Mokrý,Neztížené,Žádné,"Nezjištěno, řidič ujel",Ne,0,16.624753679,49.223658491,1850659.1141098856,6312897.121892227
3356,"Srážka s vozidlem zaparkovaným, odstaveným",Nesprávný způsob jízdy,Řidičem motorového vozidla,11/4/2018,Neděle,Noc,Nezjišťováno,0,0,0,"Suchý, neznečištěný",Neztížené,Přechod pro chodce nebo v jeho blízkosti,"Nezjištěno, řidič ujel",Ne,0,16.63623768,49.202071436,1851937.5072534734,6309218.503046847
3357,"Srážka s vozidlem zaparkovaným, odstaveným",Nesprávný způsob jízdy,Řidičem motorového vozidla,11/4/2018,Neděle,Den,Ne,0,0,0,"Suchý, neznečištěný",Neztížené,Přechod pro chodce nebo v jeho blízkosti,Osobní automobil,Ne,30000,16.6573986810001,49.1901388220001,1854293.139109475,6307185.772650342
3359,Srážka s pevnou překážkou,Nesprávný způsob jízdy,Řidičem motorového vozidla,11/4/2018,Neděle,Den,Nezjišťováno,0,0,0,"Suchý, neznečištěný",Neztížené,Přechod pro chodce nebo v jeho blízkosti,Nákladní automobil,Ne,10000,16.6070336870001,49.1935620020001,1848686.533623588,6307768.863959602
3362,"Srážka s vozidlem zaparkovaným, odstaveným",Nesprávný způsob jízdy,Řidičem motorového vozidla,11/4/2018,Neděle,Noc,Nezjišťováno,0,0,0,"Suchý, neznečištěný",Neztížené,Přechod pro chodce nebo v jeho blízkosti,"Nezjištěno, řidič ujel",Ne,0,16.5329396860001,49.198953278,1840438.427161433,6308687.274991193
3363,"Srážka s vozidlem zaparkovaným, odstaveným",Nesprávný způsob jízdy,Řidičem motorového vozidla,11/4/2018,Neděle,Den,Nezjišťováno,0,0,0,"Suchý, neznečištěný",Neztížené,Přechod pro chodce nebo v jeho blízkosti,Osobní automobil,Ne,20000,16.5443996860001,49.19377301,1841714.1485259237,6307804.807570618
3364,Srážka s jedoucím nekolejovým vozidlem,Nedání přednosti v jizdě,Řidičem motorového vozidla,11/4/2018,Neděle,Noc,Ne,0,0,0,"Suchý, neznečištěný",Neztížené,Přechod pro chodce nebo v jeho blízkosti,Osobní automobil,Ne,120000,16.5892016830001,49.2126619650001,1846701.484018483,6311023.019060658
3365,"Srážka s vozidlem zaparkovaným, odstaveným",Nesprávný způsob jízdy,Řidičem motorového vozidla,11/5/2018,Pondělí,Noc,Nezjišťováno,0,0,0,"Suchý, neznečištěný",Neztížené,Žádné,"Nezjištěno, řidič ujel",Ne,0,16.540721021,49.19368711,1841304.641411319,6307790.175139189
3367,"Srážka s vozidlem zaparkovaným, odstaveným",Nesprávný způsob jízdy,Řidičem motorového vozidla,11/5/2018,Pondělí,Den,Ne,0,0,0,"Suchý, neznečištěný",Neztížené,Výjezd z parkoviště,Osobní automobil,Ne,60000,16.59158968,49.2107108650001,1846967.3146285359,6310690.542862993
3370,"Srážka s vozidlem zaparkovaným, odstaveným",Nesprávný způsob jízdy,Řidičem motorového vozidla,11/5/2018,Pondělí,Noc,Nezjišťováno,0,0,0,"Suchý, neznečištěný",Neztížené,Žádné,"Nezjištěno, řidič ujel",Ne,0,16.595245688,49.2065676660001,1847374.299577433,6309984.566670029
3373,Srážka s jedoucím nekolejovým vozidlem,Nedání přednosti v jizdě,Řidičem motorového vozidla,11/5/2018,Pondělí,Den,Ne,0,0,1,"Suchý, neznečištěný",Neztížené,Přechod pro chodce nebo v jeho blízkosti,Osobní automobil,Ne,40000,16.5814436800001,49.229489759,1845837.8670749513,6313891.095504821
3375,"Srážka s vozidlem zaparkovaným, odstaveným",Nesprávný způsob jízdy,Řidičem motorového vozidla,11/5/2018,Pondělí,Noc,Nezjišťováno,0,0,0,"Suchý, neznečištěný",Neztížené,Žádné,"Nezjištěno, řidič ujel",Ne,0,16.6156616760001,49.215862122,1849646.9969656372,6311568.368591179
3376,Srážka s pevnou překážkou,Nesprávný způsob jízdy,Řidičem motorového vozidla,11/5/2018,Pondělí,Den,Ne,0,0,0,"Suchý, neznečištěný",Neztížené,Žádné,Nákladní automobil,Ne,0,16.5988156820001,49.212734966,1847771.7094916513,6311035.459013392
3378,Srážka s jedoucím nekolejovým vozidlem,Nepřiměřená rychlost jízdy,Řidičem motorového vozidla,11/6/2018,Úterý,Den,Ne,0,0,0,"Suchý, neznečištěný",Neztížené,"Most, nadjezd, podjezd, tunel",Nákladní automobil,Ano,60000,16.6426923330001,49.2103791100001,1852656.035938686,6310634.011627135
3379,Srážka s jedoucím nekolejovým vozidlem,Nedání přednosti v jizdě,Řidičem motorového vozidla,11/6/2018,Úterý,Den,Ne,0,0,1,"Suchý, neznečištěný",Neztížené,Žádné,Osobní automobil,Ne,20000,16.646498681,49.195610102,1853079.7566598228,6308117.748725783
3381,Srážka s chodcem,Nedání přednosti v jizdě,Řidičem motorového vozidla,11/6/2018,Úterý,Den,Ne,0,1,0,"Suchý, neznečištěný",Neztížené,Žádné,Osobní automobil,Ne,15000,16.57164792,49.207966938,1844747.4080598147,6310222.98758767
3382,Srážka s pevnou překážkou,Nesprávný způsob jízdy,Řidičem motorového vozidla,11/6/2018,Úterý,Den,Ne,0,0,0,"Suchý, neznečištěný",Neztížené,Žádné,Nákladní automobil,Ne,15000,16.5473016830001,49.197011176,1842037.197354245,6308356.423799142
3383,"Srážka s vozidlem zaparkovaným, odstaveným",Nesprávný způsob jízdy,Řidičem motorového vozidla,11/5/2018,Pondělí,Noc,Nezjišťováno,0,0,0,"Suchý, neznečištěný",Neztížené,Přechod pro chodce nebo v jeho blízkosti,"Nezjištěno, řidič ujel",Ne,0,16.6485466890001,49.1960371260001,1853307.739867527,6308190.492193297
3384,Srážka s jedoucím nekolejovým vozidlem,Nesprávný způsob jízdy,Řidičem motorového vozidla,11/6/2018,Úterý,Den,Pod vlivem alkoholu,0,0,0,"Suchý, neznečištěný",Neztížené,Žádné,Osobní automobil,Ne,10000,16.536491681,49.2218634060001,1840833.8334361278,6312591.162804929
3385,"Srážka s vozidlem zaparkovaným, odstaveným",Nesprávný způsob jízdy,Řidičem motorového vozidla,11/6/2018,Úterý,Noc,Nezjišťováno,0,0,0,"Suchý, neznečištěný",Neztížené,Žádné,"Nezjištěno, řidič ujel",Ne,0,16.5909796770001,49.199300292,1846899.4094051975,6308746.39271645
3386,Havárie,Nesprávný způsob jízdy,Řidičem motorového vozidla,11/7/2018,Středa,Den,Ne,0,0,0,"Suchý, neznečištěný",Neztížené,Přechod pro chodce nebo v jeho blízkosti,Nákladní automobil,Ne,0,16.6130246810001,49.2007053630001,1849353.4480250138,6308985.766553534
3387,"Srážka s vozidlem zaparkovaným, odstaveným",Nesprávný způsob jízdy,Řidičem motorového vozidla,11/7/2018,Středa,Noc,Nezjišťováno,0,0,0,"Suchý, neznečištěný",Neztížené,Přechod pro chodce nebo v jeho blízkosti,"Nezjištěno, řidič ujel",Ne,0,16.605815681,49.2114469050001,1848550.94581588,6310815.965841402
3390,Srážka s chodcem,Nezaviněná řidičem,Chodcem,11/7/2018,Středa,Den,Ne,0,1,0,"Suchý, neznečištěný",Neztížené,Žádné,Osobní automobil,Ne,5000,16.6215296560001,49.193430037,1850300.2175112227,6307746.3848015275
3391,Srážka s pevnou překážkou,Nesprávný způsob jízdy,Řidičem motorového vozidla,11/7/2018,Středa,Den,Ne,0,0,0,"Suchý, neznečištěný",Neztížené,Žádné,Nákladní automobil,Ne,5000,16.580831688,49.2112108950001,1845769.74043714,6310775.748968905
3394,Srážka s chodcem,Nedání přednosti v jizdě,Řidičem motorového vozidla,11/8/2018,Čtvrtek,Den,Ne,0,0,1,"Suchý, neznečištěný",Neztížené,Přechod pro chodce nebo v jeho blízkosti,Osobní automobil,Ne,5000,16.5876166790001,49.211703915,1846525.0421802986,6310859.761400662
3395,Srážka s pevnou překážkou,Nepřiměřená rychlost jízdy,Řidičem motorového vozidla,11/8/2018,Čtvrtek,Den,Pod vlivem alkoholu,0,0,0,"Suchý, neznečištěný",Neztížené,Čerpadlo pohonných hmot,Osobní automobil,Ne,30000,16.626625689,49.222025413,1850867.5053098453,6312618.775254939
3397,"Srážka s vozidlem zaparkovaným, odstaveným",Nesprávný způsob jízdy,Řidičem motorového vozidla,10/31/2018,Středa,Noc,Nezjišťováno,0,0,0,"Suchý, neznečištěný",Neztížené,Přechod pro chodce nebo v jeho blízkosti,"Nezjištěno, řidič ujel",Ne,0,16.6336496770001,49.2110848830001,1851649.4120773452,6310754.276192403
3398,"Srážka s vozidlem zaparkovaným, odstaveným",Nesprávný způsob jízdy,Řidičem motorového vozidla,11/8/2018,Čtvrtek,Den,Ne,0,0,0,"Suchý, neznečištěný",Neztížené,Žádné,Nákladní automobil,Ne,0,16.639496676,49.2150300800001,1852300.2970286906,6311426.5741157215
3400,Srážka s jedoucím nekolejovým vozidlem,Nesprávný způsob jízdy,Řidičem motorového vozidla,11/9/2018,Pátek,Den,Ne,0,0,0,"Suchý, neznečištěný",Neztížené,Přechod pro chodce nebo v jeho blízkosti,Osobní automobil,Ne,20000,16.594778677,49.1908138590001,1847322.3121507163,6307300.752661814
3401,Srážka s jedoucím nekolejovým vozidlem,Nedání přednosti v jizdě,Řidičem motorového vozidla,11/9/2018,Pátek,Den,Ne,0,0,1,"Suchý, neznečištěný",Neztížené,Zastávka MHD,Osobní automobil,Ne,10000,16.5746566770001,49.2188202620001,1845082.341356979,6312072.506593834
3402,Havárie,Nepřiměřená rychlost jízdy,Řidičem motorového vozidla,11/9/2018,Pátek,Den,Ne,0,0,1,"Suchý, neznečištěný",Neztížené,Přechod pro chodce nebo v jeho blízkosti,Motocykl,Ano,10000,16.6043186790001,49.1952290880001,1848384.300315529,6308052.843584283
3406,Srážka s domácim zvířetem,Nezaviněná řidičem,"Lesní zvěří, domácim zvířetem",11/10/2018,Sobota,Noc,Nezjišťováno,0,0,0,"Suchý, neznečištěný",Neztížené,Žádné,Osobní automobil,Ne,15000,16.5599956900001,49.21296598,1843450.2877496106,6311074.82576288
3407,"Srážka s vozidlem zaparkovaným, odstaveným",Nesprávný způsob jízdy,Řidičem motorového vozidla,11/10/2018,Sobota,Noc,Nezjišťováno,0,0,0,Mokrý,Neztížené,Žádné,"Nezjištěno, řidič ujel",Ne,0,16.543802686,49.1928849610001,1841647.690789917,6307653.536199899
3408,"Srážka s vozidlem zaparkovaným, odstaveným",Nesprávný způsob jízdy,Řidičem motorového vozidla,11/10/2018,Sobota,Noc,Nezjišťováno,0,0,0,"Suchý, neznečištěný",Neztížené,Žádné,"Nezjištěno, řidič ujel",Ne,0,16.608683689,49.2173551880001,1848870.211006032,6311822.819075355
3411,Srážka s pevnou překážkou,Nesprávný způsob jízdy,Řidičem nemotorového vozidla,11/11/2018,Neděle,Den,Ne,0,0,0,"Suchý, neznečištěný",Neztížené,Žádné,Jízdní kolo,Ne,0,16.6059276890001,49.192520949,1848563.4144894083,6307591.530727952
3412,"Srážka s vozidlem zaparkovaným, odstaveným",Nesprávný způsob jízdy,Řidičem motorového vozidla,11/11/2018,Neděle,Noc,Nezjišťováno,0,0,0,"Suchý, neznečištěný",Neztížené,Žádné,"Nezjištěno, řidič ujel",Ne,0,16.636034683,49.2020024300001,1851914.9097308037,6309206.74640934
3413,"Srážka s vozidlem zaparkovaným, odstaveným",Nesprávný způsob jízdy,Řidičem motorového vozidla,11/11/2018,Neděle,Noc,Nezjišťováno,0,0,0,"Suchý, neznečištěný",Neztížené,Žádné,"Nezjištěno, řidič ujel",Ne,0,16.5812006830001,49.192870966,1845810.8167726486,6307651.152295934
3414,Srážka s jedoucím nekolejovým vozidlem,Nesprávný způsob jízdy,Řidičem motorového vozidla,11/11/2018,Neděle,Den,Nezjišťováno,0,0,2,"Suchý, neznečištěný",Neztížené,Žádné,"Nezjištěno, řidič ujel",Ne,0,16.612296685,49.1966371570001,1849272.4078809915,6308292.708435738
3415,"Srážka s vozidlem zaparkovaným, odstaveným",Nesprávný způsob jízdy,Řidičem motorového vozidla,11/11/2018,Neděle,Noc,Nezjišťováno,0,0,0,"Suchý, neznečištěný",Neztížené,Žádné,"Nezjištěno, řidič ujel",Ne,0,16.6194616810001,49.2016304160001,1850070.0115872507,6309143.366206976
3424,Srážka s chodcem,Nezaviněná řidičem,Chodcem,11/13/2018,Úterý,Den,Ne,0,0,1,"Suchý, neznečištěný",Neztížené,Žádné,"Nezjištěno, řidič ujel",Ne,0,16.6127696840001,49.1916479000001,1849325.0618888186,6307442.818217293
3425,"Srážka s vozidlem zaparkovaným, odstaveným",Nesprávný způsob jízdy,Řidičem motorového vozidla,11/13/2018,Úterý,Den,Nezjišťováno,0,0,0,"Suchý, neznečištěný",Neztížené,Zastávka MHD,"Nezjištěno, řidič ujel",Ne,0,16.59391068,49.2284357170001,1847225.6871666664,6313711.419217536
3426,Srážka s pevnou překážkou,Nesprávný způsob jízdy,Řidičem motorového vozidla,11/13/2018,Úterý,Den,Ne,0,0,0,"Suchý, neznečištěný",Neztížené,Žádné,Nákladní automobil,Ne,0,16.608523679,49.1934899940001,1848852.3987743098,6307756.597978505
3427,"Srážka s vozidlem zaparkovaným, odstaveným",Nesprávný způsob jízdy,Řidičem motorového vozidla,11/13/2018,Úterý,Den,Pod vlivem alkoholu,0,0,0,"Suchý, neznečištěný",Neztížené,Žádné,Nákladní automobil,Ne,0,16.628303682,49.2167051640001,1851054.2986361587,6311712.040093008
3428,"Srážka s vozidlem zaparkovaným, odstaveným",Nesprávný způsob jízdy,Řidičem motorového vozidla,11/13/2018,Úterý,Den,Nezjišťováno,0,0,0,"Suchý, neznečištěný",Neztížené,Přechod pro chodce nebo v jeho blízkosti,"Nezjištěno, řidič ujel",Ne,0,16.5859366770001,49.2282547,1846338.0252131268,6313680.562708989
3430,"Srážka s vozidlem zaparkovaným, odstaveným",Nesprávný způsob jízdy,Řidičem motorového vozidla,11/14/2018,Středa,Noc,Nezjišťováno,0,0,0,"Suchý, neznečištěný",Neztížené,Žádné,"Nezjištěno, řidič ujel",Ne,0,16.604504681,49.1947160610001,1848405.0059634515,6307965.451023605
3433,"Srážka s vozidlem zaparkovaným, odstaveným",Nesprávný způsob jízdy,Řidičem motorového vozidla,11/14/2018,Středa,Noc,Nezjišťováno,0,0,0,"Suchý, neznečištěný",Neztížené,Přechod pro chodce nebo v jeho blízkosti,"Nezjištěno, řidič ujel",Ne,0,16.596341683,49.206875676,1847496.3051827464,6310037.047686191
3435,Srážka s jedoucím nekolejovým vozidlem,Nesprávný způsob jízdy,Řidičem motorového vozidla,11/14/2018,Středa,Den,Ne,0,0,1,"Suchý, neznečištěný",Neztížené,Žádné,Nákladní automobil,Ne,10000,16.612425683,49.19871927,1849286.767872663,6308647.409339108
3437,"Srážka s vozidlem zaparkovaným, odstaveným",Nesprávný způsob jízdy,Řidičem motorového vozidla,11/15/2018,Čtvrtek,Noc,Nezjišťováno,0,0,0,"Suchý, neznečištěný",Neztížené,Žádné,"Nezjištěno, řidič ujel",Ne,0,16.590829684,49.209483805,1846882.712260811,6310481.4530521985
3438,"Srážka s vozidlem zaparkovaným, odstaveným",Nesprávný způsob jízdy,Řidičem motorového vozidla,11/15/2018,Čtvrtek,Noc,Nezjišťováno,0,0,0,"Suchý, neznečištěný",Neztížené,Žádné,Nákladní automobil,Ne,1000,16.6680126840001,49.205296596,1855474.6845187135,6309767.99584421
3439,Srážka s jedoucím nekolejovým vozidlem,Nesprávný způsob jízdy,Řidičem motorového vozidla,11/15/2018,Čtvrtek,Den,Ne,0,0,0,"Suchý, neznečištěný",Neztížené,Přechod pro chodce nebo v jeho blízkosti,Osobní automobil,Ne,150000,16.56542068,49.1948620640001,1844054.1948739688,6307990.322090234
3440,"Srážka s vozidlem zaparkovaným, odstaveným",Nesprávný způsob jízdy,Řidičem motorového vozidla,11/8/2018,Čtvrtek,Noc,Nezjišťováno,0,0,0,"Suchý, neznečištěný",Neztížené,Přechod pro chodce nebo v jeho blízkosti,"Nezjištěno, řidič ujel",Ne,0,16.602560678,49.1980262290001,1848188.6005393902,6308529.343835127
3441,Srážka s pevnou překážkou,Nesprávný způsob jízdy,Řidičem motorového vozidla,11/15/2018,Čtvrtek,Noc,Nezjišťováno,0,0,0,"Suchý, neznečištěný",Neztížené,Žádné,"Nezjištěno, řidič ujel",Ne,0,16.58028768,49.215574104,1845709.1817435902,6311519.285028119
3442,Srážka s tramvají,Nedání přednosti v jizdě,Řidičem motorového vozidla,11/15/2018,Čtvrtek,Den,Ne,0,0,0,"Suchý, neznečištěný",Neztížené,Žádné,Osobní automobil,Ne,80000,16.604222685,49.1949750730001,1848373.6143123244,6308009.572802394
3443,Srážka s jedoucím nekolejovým vozidlem,Nedání přednosti v jizdě,Řidičem motorového vozidla,11/15/2018,Čtvrtek,Den,Ne,0,0,0,"Suchý, neznečištěný",Neztížené,Žádné,Osobní automobil,Ne,200000,16.5887526820001,49.2254715770001,1846651.501455798,6313206.160400522
3445,Srážka s jedoucím nekolejovým vozidlem,Nedání přednosti v jizdě,Řidičem motorového vozidla,11/16/2018,Pátek,Den,Ne,0,0,0,"Suchý, neznečištěný",Neztížené,Žádné,Osobní automobil,Ne,20000,16.5712086840001,49.2090137810001,1844698.512531959,6310401.362801944
3447,Srážka s pevnou překážkou,Nesprávný způsob jízdy,Řidičem motorového vozidla,11/15/2018,Čtvrtek,Den,Nezjišťováno,0,0,0,"Suchý, neznečištěný",Neztížené,Žádné,Nákladní automobil,Ne,0,16.618356336,49.1929316170001,1849946.9651446952,6307661.483573356
3448,Srážka s jedoucím nekolejovým vozidlem,Nesprávný způsob jízdy,Řidičem motorového vozidla,11/16/2018,Pátek,Den,Ne,0,0,0,"Suchý, neznečištěný",Neztížené,Přechod pro chodce nebo v jeho blízkosti,Osobní automobil,Ne,10000,16.594663688,49.206450654,1847309.5116337903,6309964.629387889
3450,Srážka s jedoucím nekolejovým vozidlem,Nesprávný způsob jízdy,Řidičem motorového vozidla,11/16/2018,Pátek,Den,Nezjišťováno,0,0,0,"Suchý, neznečištěný",Neztížené,Čerpadlo pohonných hmot,"Nezjištěno, řidič ujel",Ne,0,16.536989686,49.223086462,1840889.27109914,6312799.622533367
3451,"Srážka s vozidlem zaparkovaným, odstaveným",Nesprávný způsob jízdy,Řidičem motorového vozidla,11/16/2018,Pátek,Noc,Nezjišťováno,0,0,0,"Suchý, neznečištěný",Neztížené,Výjezd z parkoviště,"Nezjištěno, řidič ujel",Ne,0,16.589391683,49.209889832,1846722.6347217308,6310550.639077063
3453,Srážka s chodcem,Nezaviněná řidičem,Chodcem,11/16/2018,Pátek,Den,Pod vlivem alkoholu,0,1,0,"Suchý, neznečištěný",Neztížené,Přechod pro chodce nebo v jeho blízkosti,Osobní automobil,Ne,20000,16.553315684,49.2178952200001,1842706.6728831935,6311914.854008845
3458,"Srážka s vozidlem zaparkovaným, odstaveným",Nesprávný způsob jízdy,Řidičem motorového vozidla,11/17/2018,Sobota,Noc,Nezjišťováno,0,0,0,"Suchý, neznečištěný",Neztížené,Žádné,"Nezjištěno, řidič ujel",Ne,0,16.650711222,49.191424861,1853548.6945788902,6307404.826853431
3461,Srážka s pevnou překážkou,Nesprávný způsob jízdy,Řidičem motorového vozidla,11/17/2018,Sobota,Noc,Nezjišťováno,0,0,0,"Suchý, neznečištěný",Neztížené,Výjezd z parkoviště,"Nezjištěno, řidič ujel",Ne,0,16.5798086840001,49.2187042560001,1845655.8601527812,6312052.73582077
3462,"Srážka s vozidlem zaparkovaným, odstaveným",Nesprávný způsob jízdy,Řidičem motorového vozidla,11/18/2018,Neděle,Den,Nezjišťováno,0,0,0,"Suchý, neznečištěný",Neztížené,Přechod pro chodce nebo v jeho blízkosti,Osobní automobil,Ne,0,16.6622446870001,49.2081197360001,1854832.5940297742,6310249.0231341375
3466,Srážka s jedoucím nekolejovým vozidlem,Nedání přednosti v jizdě,Řidičem motorového vozidla,11/19/2018,Pondělí,Den,Ne,0,0,0,"Suchý, neznečištěný",Neztížené,Žádné,Nákladní automobil,Ne,150000,16.6876906850001,49.1990002810001,1857665.2295698614,6308695.282454909
3468,Srážka s chodcem,Nezaviněná řidičem,Chodcem,11/19/2018,Pondělí,Den,Pod vlivem alkoholu,0,0,1,"Suchý, neznečištěný",Neztížené,Přechod pro chodce nebo v jeho blízkosti,Osobní automobil,Ne,0,16.6146326850001,49.191284884,1849532.4502114865,6307380.983948708
3469,"Srážka s vozidlem zaparkovaným, odstaveným",Nesprávný způsob jízdy,Řidičem motorového vozidla,11/18/2018,Neděle,Noc,Nezjišťováno,0,0,0,"Suchý, neznečištěný",Neztížené,Přechod pro chodce nebo v jeho blízkosti,"Nezjištěno, řidič ujel",Ne,0,16.677524681,49.203226498,1856533.5551811745,6309415.294822946
3470,Srážka s pevnou překážkou,Nesprávný způsob jízdy,Řidičem motorového vozidla,11/19/2018,Pondělí,Den,Ne,0,0,0,"Suchý, neznečištěný",Neztížené,"Most, nadjezd, podjezd, tunel",Nákladní automobil,Ne,50000,16.6155616890001,49.19182791,1849635.8664637113,6307473.480358279
3472,"Srážka s vozidlem zaparkovaným, odstaveným",Nesprávný způsob jízdy,Řidičem motorového vozidla,11/19/2018,Pondělí,Noc,Nezjišťováno,0,0,0,Mokrý,Neztížené,Přechod pro chodce nebo v jeho blízkosti,"Nezjištěno, řidič ujel",Ne,0,16.5429126870001,49.194230035,1841548.6165544325,6307882.658835736