OBJECTID,DruhNehody,HlavniPricina,Zavineni,Datum,Den,DenNoc,Alkohol,Usmrceno,Tezce,Lehce,StavPovrchu,Pocasi,SpecifikaceMista,DruhVozidla,Smyk,Skoda,X,Y,x,y
3640,Srážka s pevnou překážkou,Nesprávný způsob jízdy,Řidičem motorového vozidla,12/8/2018,Sobota,Den,Ne,0,0,0,"Suchý, neznečištěný",Neztížené,Žádné,Osobní automobil,Ne,50000,16.591101678,49.2240665100001,1846912.9904943898,6312966.667291844
3641,Srážka s pevnou překážkou,Nesprávný způsob jízdy,Řidičem motorového vozidla,12/8/2018,Sobota,Den,Ne,0,0,0,Bláto,Neztížené,Žádné,Osobní automobil,Ne,0,16.620450685,49.2282287080001,1850180.1070089191,6313676.1320715975
3642,Srážka s chodcem,Nezaviněná řidičem,Chodcem,12/8/2018,Sobota,Den,Ne,0,0,1,"Suchý, neznečištěný",Neztížené,Přechod pro chodce nebo v jeho blízkosti,Osobní automobil,Ne,10000,16.6038596770001,49.205445604,1848333.2044466145,6309793.384233096
3644,Srážka s jedoucím nekolejovým vozidlem,Nedání přednosti v jizdě,Řidičem motorového vozidla,12/8/2018,Sobota,Den,Pod vlivem alkoholu,0,0,1,"Suchý, neznečištěný",Neztížené,Žádné,Osobní automobil,Ne,10000,16.605426686,49.214095032,1848507.6430905613,6311267.228468716
3645,Srážka s tramvají,Nesprávný způsob jízdy,Řidičem motorového vozidla,12/9/2018,Neděle,Den,Ne,0,0,0,Mokrý,Neztížené,Žádné,Osobní automobil,Ne,30000,16.631994687,49.20870877,1851465.1794332748,6310349.390528502
3646,Srážka s chodcem,Nezaviněná řidičem,Chodcem,12/9/2018,Neděle,Den,Ne,0,0,1,"Suchý, neznečištěný",Neztížené,Žádné,Nákladní automobil,Ne,0,16.6164006810001,49.1948400650001,1849729.2626259322,6307986.574637915
3647,"Srážka s vozidlem zaparkovaným, odstaveným",Nesprávný způsob jízdy,Řidičem motorového vozidla,12/9/2018,Neděle,Noc,Nezjišťováno,0,0,0,"Suchý, neznečištěný",Neztížené,Přechod pro chodce nebo v jeho blízkosti,"Nezjištěno, řidič ujel",Ne,0,16.684926681,49.2066976740001,1857357.5420520282,6310006.718352337
3649,Srážka s chodcem,Nezaviněná řidičem,Chodcem,12/9/2018,Neděle,Den,Pod vlivem alkoholu,0,0,1,Mokrý,Neztížené,Přechod pro chodce nebo v jeho blízkosti,Osobní automobil,Ne,10000,16.646284688,49.1950350770001,1853055.9350680308,6308019.794304682
3652,Srážka s jedoucím nekolejovým vozidlem,Nesprávný způsob jízdy,Řidičem motorového vozidla,12/10/2018,Pondělí,Den,Ne,0,0,0,"Suchý, neznečištěný",Neztížené,Žádné,Osobní automobil,Ne,15000,16.573420684,49.211422908,1844944.7512455923,6310811.87666569
3653,Srážka s jedoucím nekolejovým vozidlem,Nesprávný způsob jízdy,Řidičem motorového vozidla,12/10/2018,Pondělí,Den,Ne,0,0,0,"Suchý, neznečištěný",Neztížené,Žádné,Osobní automobil,Ne,10000,16.5721036800001,49.210813869,1844798.143030941,6310708.094878851
3655,Srážka s chodcem,Nedání přednosti v jizdě,Řidičem motorového vozidla,12/10/2018,Pondělí,Den,Ne,0,0,1,"Suchý, neznečištěný",Neztížené,Přechod pro chodce nebo v jeho blízkosti,Osobní automobil,Ne,0,16.5857916910001,49.1954170930001,1846321.885445434,6308084.869880744
3656,Srážka s chodcem,Nedání přednosti v jizdě,Řidičem motorového vozidla,12/10/2018,Pondělí,Den,Ne,0,0,1,"Suchý, neznečištěný",Neztížené,Přechod pro chodce nebo v jeho blízkosti,Osobní automobil,Ne,1000,16.694688683,49.205982632,1858444.2431437913,6309884.885161166
3658,Srážka s jedoucím nekolejovým vozidlem,Nedání přednosti v jizdě,Řidičem motorového vozidla,12/11/2018,Úterý,Den,Ne,0,0,0,Mokrý,Neztížené,Přechod pro chodce nebo v jeho blízkosti,Nákladní automobil,Ne,50000,16.536233688,49.2230394630001,1840805.1137867407,6312791.611849189
3659,Srážka s jedoucím nekolejovým vozidlem,Nedání přednosti v jizdě,Řidičem motorového vozidla,12/11/2018,Úterý,Den,Ne,0,0,0,"Suchý, neznečištěný",Neztížené,Žádné,Osobní automobil,Ne,30000,16.6174836860001,49.1904588410001,1849849.8221910587,6307240.281745799
3661,Srážka s jedoucím nekolejovým vozidlem,Nedání přednosti v jizdě,Řidičem motorového vozidla,12/11/2018,Úterý,Den,Ne,0,0,0,Mokrý,Slabý déšť,Žádné,Osobní automobil,Ne,150000,16.623857683,49.1963581480001,1850559.3722914131,6308245.178651217
3663,Srážka s chodcem,Nedání přednosti v jizdě,Řidičem motorového vozidla,12/11/2018,Úterý,Den,Ne,0,0,1,Mokrý,Neztížené,Přechod pro chodce nebo v jeho blízkosti,Osobní automobil,Ne,3000,16.6091916880001,49.1985652550001,1848926.7611960394,6308621.171414251
3665,Srážka s pevnou překážkou,Nesprávný způsob jízdy,Řidičem motorového vozidla,12/11/2018,Úterý,Den,Ne,0,0,0,Mokrý,Neztížené,Zastávka MHD,Osobní automobil,Ne,90000,16.594401685,49.2058396240001,1847280.345593245,6309860.5188025115
3669,Srážka s jedoucím nekolejovým vozidlem,Nedání přednosti v jizdě,Řidičem motorového vozidla,12/12/2018,Středa,Den,Ne,0,0,0,Mokrý,Neztížené,Žádné,Osobní automobil,Ne,150000,16.617993685,49.199009281,1849906.5950200406,6308696.815702021
3671,Srážka s jedoucím nekolejovým vozidlem,Nesprávný způsob jízdy,Řidičem motorového vozidla,12/12/2018,Středa,Den,Ne,0,0,1,Mokrý,Neztížené,Žádné,Osobní automobil,Ne,80000,16.6130456770001,49.1987102680001,1849355.7852890415,6308645.875760268
3672,Havárie,Nesprávný způsob jízdy,Řidičem motorového vozidla,12/12/2018,Středa,Den,Nezjišťováno,0,0,0,Mokrý,Neztížené,Přechod pro chodce nebo v jeho blízkosti,Osobní automobil,Ne,0,16.606435687,49.1899338110001,1848619.964568091,6307150.853145966
3674,Srážka s pevnou překážkou,Nepřiměřená rychlost jízdy,Řidičem motorového vozidla,12/12/2018,Středa,Den,Ne,0,0,0,"Náledí, ujetý sníh - neposypané",Neztížené,Žádné,Osobní automobil,Ne,60000,16.6517616840001,49.209669815,1853665.6314738307,6310513.148638573
3675,Srážka s jedoucím nekolejovým vozidlem,Nedání přednosti v jizdě,Řidičem motorového vozidla,12/13/2018,Čtvrtek,Den,Ne,0,0,0,"Suchý, neznečištěný",Neztížené,Přechod pro chodce nebo v jeho blízkosti,Nákladní automobil,Ne,20000,16.603026679,49.1980632290001,1848240.4755334202,6308535.6470620325
3678,Srážka s pevnou překážkou,Nesprávný způsob jízdy,Řidičem motorového vozidla,12/13/2018,Čtvrtek,Den,Ne,0,0,0,"Suchý, neznečištěný",Neztížené,Přechod pro chodce nebo v jeho blízkosti,Osobní automobil,Ne,0,16.609534689,49.199536306,1848964.9438926983,6308786.600584283
3679,Srážka s pevnou překážkou,Nesprávný způsob jízdy,Řidičem motorového vozidla,12/12/2018,Středa,Noc,Nezjišťováno,0,0,0,"Suchý, neznečištěný",Neztížené,Žádné,"Nezjištěno, řidič ujel",Ne,0,16.683535681,49.213352,1857202.6966403332,6311140.60726304
3680,"Srážka s vozidlem zaparkovaným, odstaveným",Nesprávný způsob jízdy,Řidičem motorového vozidla,12/13/2018,Čtvrtek,Den,Ne,0,0,0,"Suchý, neznečištěný",Neztížené,Přechod pro chodce nebo v jeho blízkosti,Osobní automobil,Ne,80000,16.6560346800001,49.1904978420001,1854141.299212712,6307246.924841819
3681,"Srážka s vozidlem zaparkovaným, odstaveným",Nesprávný způsob jízdy,Řidičem motorového vozidla,12/13/2018,Čtvrtek,Den,Ne,0,0,1,"Suchý, neznečištěný",Neztížené,Přechod pro chodce nebo v jeho blízkosti,Osobní automobil,Ne,50000,16.6966206860001,49.1956221070001,1858659.3127339664,6308119.793766964
3683,Srážka s jedoucím nekolejovým vozidlem,Nepřiměřená rychlost jízdy,Řidičem motorového vozidla,12/13/2018,Čtvrtek,Den,Ne,0,0,0,"Suchý, neznečištěný",Neztížené,Žádné,Osobní automobil,Ne,40000,16.582094677,49.2212963760001,1845910.3357294968,6312494.519005314
3684,Srážka s jedoucím nekolejovým vozidlem,Nedání přednosti v jizdě,Řidičem motorového vozidla,12/13/2018,Čtvrtek,Den,Ne,0,0,0,"Suchý, neznečištěný",Neztížené,Žádné,Osobní automobil,Ne,80000,16.6759496880001,49.2132089900001,1856358.2277624158,6311116.236931295
3685,"Srážka s vozidlem zaparkovaným, odstaveným",Nesprávný způsob jízdy,Řidičem motorového vozidla,12/13/2018,Čtvrtek,Noc,Nezjišťováno,0,0,0,"Suchý, neznečištěný",Neztížené,Přechod pro chodce nebo v jeho blízkosti,"Nezjištěno, řidič ujel",Ne,0,16.6434826770001,49.221689402,1852744.0166303169,6312561.505688759
3686,"Srážka s vozidlem zaparkovaným, odstaveným",Nesprávný způsob jízdy,Řidičem motorového vozidla,12/13/2018,Čtvrtek,Noc,Nezjišťováno,0,0,0,"Suchý, neznečištěný",Neztížené,Žádné,"Nezjištěno, řidič ujel",Ne,0,16.629150468,49.2130505960001,1851148.5624224907,6311089.245094653
3688,Srážka s chodcem,Nezaviněná řidičem,Chodcem,12/14/2018,Pátek,Noc,Pod vlivem alkoholu,0,0,1,"Suchý, neznečištěný",Neztížené,Žádné,Tramvaj,Ne,0,16.603891687,49.208406751,1848336.767783513,6310297.928392078
3689,Srážka s pevnou překážkou,Nesprávný způsob jízdy,Řidičem motorového vozidla,12/14/2018,Pátek,Noc,Ne,0,0,0,"Suchý, neznečištěný",Neztížené,Žádné,Nákladní automobil,Ne,0,16.6188966890001,49.1917629020001,1850007.1169655062,6307462.407158025
3692,Srážka s pevnou překážkou,Nesprávný způsob jízdy,Řidičem motorového vozidla,12/14/2018,Pátek,Noc,Nezjišťováno,0,0,0,"Suchý, neznečištěný",Neztížené,Žádné,"Nezjištěno, řidič ujel",Ne,0,16.611932677,49.1988152750001,1849231.8866957847,6308663.764748283
3696,Srážka s pevnou překážkou,Nesprávný způsob jízdy,Řidičem motorového vozidla,12/14/2018,Pátek,Den,Ne,0,0,0,"Suchý, neznečištěný",Neztížené,Přechod pro chodce nebo v jeho blízkosti,Osobní automobil,Ne,5000,16.5939116820001,49.221091368,1847225.7987087998,6312459.57800164
3697,"Srážka s vozidlem zaparkovaným, odstaveným",Nesprávný způsob jízdy,Řidičem motorového vozidla,12/14/2018,Pátek,Den,Ne,0,0,0,"Suchý, neznečištěný",Neztížené,Přechod pro chodce nebo v jeho blízkosti,Nákladní automobil,Ne,0,16.6042496810001,49.2161021320001,1848376.6194933013,6311609.27092678
3698,Srážka s pevnou překážkou,Nedání přednosti v jizdě,Řidičem motorového vozidla,12/14/2018,Pátek,Den,Nezjišťováno,0,0,0,"Suchý, neznečištěný",Neztížené,"Most, nadjezd, podjezd, tunel","Nezjištěno, řidič ujel",Ne,0,16.6027296880001,49.2208453580001,1848207.4146465333,6312417.648920397
3700,Srážka s jedoucím nekolejovým vozidlem,Nedání přednosti v jizdě,Řidičem motorového vozidla,12/14/2018,Pátek,Noc,Ne,0,0,0,"Suchý, neznečištěný",Neztížené,Přechod pro chodce nebo v jeho blízkosti,Osobní automobil,Ne,0,16.646753683,49.195264089,1853108.143352616,6308058.805929259
3701,Srážka s pevnou překážkou,Nesprávný způsob jízdy,Řidičem motorového vozidla,12/15/2018,Sobota,Den,Nezjišťováno,0,0,0,"Suchý, neznečištěný",Neztížené,Žádné,"Nezjištěno, řidič ujel",Ne,0,16.551519682,49.2196913060001,1842506.7428550906,6312220.959132697
3704,"Srážka s vozidlem zaparkovaným, odstaveným",Nesprávný způsob jízdy,Řidičem motorového vozidla,12/15/2018,Sobota,Noc,Nezjišťováno,0,0,0,Mokrý,Neztížené,Přechod pro chodce nebo v jeho blízkosti,"Nezjištěno, řidič ujel",Ne,0,16.618402684,49.1940500270001,1849952.124580456,6307851.995546488
3707,"Srážka s vozidlem zaparkovaným, odstaveným",Nesprávný způsob jízdy,Řidičem motorového vozidla,12/15/2018,Sobota,Noc,Nezjišťováno,0,0,0,Mokrý,Neztížené,Žádné,"Nezjištěno, řidič ujel",Ne,0,16.6227146800001,49.205365602,1850432.13377948,6309779.753264925
3708,"Srážka s vozidlem zaparkovaným, odstaveným",Nesprávný způsob jízdy,Řidičem motorového vozidla,12/15/2018,Sobota,Noc,Nezjišťováno,0,0,0,Mokrý,Neztížené,Žádné,"Nezjištěno, řidič ujel",Ne,0,16.579775678,49.218854261,1845652.185941666,6312078.301014238
3709,Srážka s pevnou překážkou,Nepřiměřená rychlost jízdy,Řidičem motorového vozidla,12/15/2018,Sobota,Den,Ne,0,0,0,"Náledí, ujetý sníh - neposypané","Námraza, náledí",Žádné,Osobní automobil,Ano,30000,16.609973676,49.2297997800001,1849013.8117020028,6313943.9436752405
3710,"Srážka s vozidlem zaparkovaným, odstaveným",Nesprávný způsob jízdy,Řidičem motorového vozidla,12/16/2018,Neděle,Noc,Ne,0,0,0,"Náledí, ujetý sníh - neposypané",Neztížené,Žádné,Nákladní automobil,Ne,0,16.5910886880001,49.199099286,1846911.544454209,6308712.149040337
3711,Srážka s pevnou překážkou,Nesprávný způsob jízdy,Řidičem motorového vozidla,12/16/2018,Neděle,Noc,Ne,0,0,1,Mokrý,Neztížené,Žádné,Osobní automobil,Ne,50000,16.640269679,49.215791118,1852386.347329033,6311556.268177445
3712,Srážka s pevnou překážkou,Nesprávný způsob jízdy,Řidičem motorového vozidla,12/16/2018,Neděle,Den,Ne,0,0,0,"Suchý, neznečištěný",Neztížené,Žádné,Nákladní automobil,Ne,1000,16.6060666870001,49.192701959,1848578.8876759908,6307622.363749161
3713,Srážka s pevnou překážkou,Nesprávný způsob jízdy,Řidičem motorového vozidla,12/16/2018,Neděle,Den,Ne,0,0,0,"Náledí, ujetý sníh - neposypané",Neztížené,Přechod pro chodce nebo v jeho blízkosti,Osobní automobil,Ne,1000,16.645436681,49.195195089,1852961.5353606017,6308047.051931871
3717,Srážka s pevnou překážkou,Nedání přednosti v jizdě,Řidičem motorového vozidla,12/17/2018,Pondělí,Noc,Ne,0,0,0,Mokrý,Neztížené,Žádné,Osobní automobil,Ne,0,16.582776686,49.220755357,1845986.2566240935,6312402.309517872
3719,Srážka s pevnou překážkou,Nesprávný způsob jízdy,Řidičem motorového vozidla,12/17/2018,Pondělí,Den,Ne,0,0,0,Mokrý,Neztížené,Přechod pro chodce nebo v jeho blízkosti,Osobní automobil,Ne,0,16.669229676,49.2048635790001,1855610.1594484493,6309694.217662575
3722,"Srážka s vozidlem zaparkovaným, odstaveným",Nesprávný způsob jízdy,Řidičem motorového vozidla,12/17/2018,Pondělí,Noc,Nezjišťováno,0,0,0,Mokrý,Neztížené,Přechod pro chodce nebo v jeho blízkosti,"Nezjištěno, řidič ujel",Ne,0,16.626091677,49.2242225210001,1850808.0593659275,6312993.258968362
3723,Srážka s jedoucím nekolejovým vozidlem,Nedání přednosti v jizdě,Řidičem motorového vozidla,12/17/2018,Pondělí,Den,Nezjišťováno,0,0,0,"Suchý, neznečištěný",Neztížené,Žádné,"Nezjištěno, řidič ujel",Ne,0,16.574581687,49.2179622210001,1845073.993508361,6311926.272721894
3725,Srážka s jedoucím nekolejovým vozidlem,Nesprávný způsob jízdy,Řidičem motorového vozidla,12/17/2018,Pondělí,Den,Pod vlivem drog,0,0,0,"Suchý, neznečištěný",Neztížené,Žádné,Osobní automobil,Ne,5000,16.6097676850001,49.20859676,1848990.8808887776,6310330.304692917
3727,"Srážka s vozidlem zaparkovaným, odstaveným",Nesprávný způsob jízdy,Řidičem motorového vozidla,12/18/2018,Úterý,Noc,Nezjišťováno,0,0,0,"Suchý, neznečištěný",Neztížené,Přechod pro chodce nebo v jeho blízkosti,"Nezjištěno, řidič ujel",Ne,0,16.5989350740001,49.211370951,1847785.0001482945,6310803.023011527
3729,"Srážka s vozidlem zaparkovaným, odstaveným",Nesprávný způsob jízdy,Řidičem motorového vozidla,12/18/2018,Úterý,Den,Nezjišťováno,0,0,0,"Suchý, neznečištěný",Neztížené,Žádné,Osobní automobil,Ne,3000,16.685007683,49.2071346910001,1857366.5591534215,6310081.180825858
3731,Srážka s jedoucím nekolejovým vozidlem,Nesprávný způsob jízdy,Řidičem motorového vozidla,12/18/2018,Úterý,Den,Ne,0,0,0,Mokrý,Neztížené,Žádné,Nákladní automobil,Ne,120000,16.674077685,49.2006433660001,1856149.8373416904,6308975.204339037
3732,Srážka s tramvají,Nesprávný způsob jízdy,Řidičem motorového vozidla,12/18/2018,Úterý,Den,Ne,0,0,0,"Suchý, neznečištěný",Neztížené,Žádné,Tramvaj,Ne,10000,16.622668688,49.191180875,1850427.0139734566,6307363.267677021
3733,"Srážka s vozidlem zaparkovaným, odstaveným",Nesprávný způsob jízdy,Řidičem motorového vozidla,12/18/2018,Úterý,Den,Ne,0,0,0,"Suchý, neznečištěný",Neztížené,Žádné,Nákladní automobil,Ne,2000,16.6088066770001,49.1955541,1848883.9019675707,6308108.208840958
3734,Srážka s chodcem,Nesprávný způsob jízdy,Řidičem motorového vozidla,12/18/2018,Úterý,Den,Ne,0,0,1,Mokrý,Neztížené,Žádné,Osobní automobil,Ne,0,16.5941316780001,49.2037105220001,1847250.2885514963,6309497.760977347
3735,Srážka s chodcem,Nedání přednosti v jizdě,Řidičem motorového vozidla,12/18/2018,Úterý,Den,Ne,0,0,1,"Suchý, neznečištěný",Neztížené,Přechod pro chodce nebo v jeho blízkosti,Osobní automobil,Ne,2000,16.609612387,49.2093906170001,1848973.5931944922,6310465.574121157
3736,Srážka s pevnou překážkou,Nesprávný způsob jízdy,Řidičem motorového vozidla,12/18/2018,Úterý,Den,Ne,0,0,0,"Suchý, neznečištěný",Neztížené,Přechod pro chodce nebo v jeho blízkosti,Osobní automobil,Ne,30000,16.6040046800001,49.2247565430001,1848349.3461067379,6313084.282289976
3738,Srážka s pevnou překážkou,Nepřiměřená rychlost jízdy,Řidičem motorového vozidla,12/19/2018,Středa,Noc,Pod vlivem alkoholu,0,0,0,"Suchý, neznečištěný",Neztížené,Žádné,Osobní automobil,Ne,50000,16.6050706790001,49.1928599650001,1848468.0125726028,6307649.278389481
3739,Srážka s jedoucím nekolejovým vozidlem,Nedání přednosti v jizdě,Řidičem motorového vozidla,12/19/2018,Středa,Den,Pod vlivem alkoholu,0,0,0,"Suchý, neznečištěný",Neztížené,Žádné,Osobní automobil,Ne,60000,16.5998696880001,49.2155761060001,1847889.0409028647,6311519.6262047505
3740,Srážka s pevnou překážkou,Nesprávný způsob jízdy,Řidičem motorového vozidla,12/19/2018,Středa,Den,Ne,0,0,0,"Suchý, neznečištěný",Neztížené,Přechod pro chodce nebo v jeho blízkosti,Nákladní automobil,Ne,0,16.6258806760001,49.191148873,1850784.5708420542,6307357.816655018
3741,Srážka s pevnou překážkou,Nesprávný způsob jízdy,Řidičem motorového vozidla,12/19/2018,Středa,Den,Ne,0,0,0,"Suchý, neznečištěný",Neztížené,Přechod pro chodce nebo v jeho blízkosti,Nákladní automobil,Ne,0,16.5661086800001,49.2125229550001,1844130.7826836372,6310999.33069855
3747,Srážka s chodcem,Nedání přednosti v jizdě,Řidičem motorového vozidla,12/20/2018,Čtvrtek,Noc,Ne,0,0,1,"Suchý, neznečištěný",Neztížené,Přechod pro chodce nebo v jeho blízkosti,Nákladní automobil,Ne,20000,16.613401507,49.2049514890001,1849395.3961034494,6309709.1958673885
3749,Srážka s jedoucím nekolejovým vozidlem,Nesprávný způsob jízdy,Řidičem motorového vozidla,9/14/2018,Pátek,Den,Nezjišťováno,0,0,1,"Suchý, neznečištěný",Neztížené,Žádné,Motocykl,Ne,15000,16.5989696830001,49.204059537,1847788.8528045528,6309557.225316532
3751,"Srážka s vozidlem zaparkovaným, odstaveným",Nesprávný způsob jízdy,Řidičem motorového vozidla,12/20/2018,Čtvrtek,Den,Nezjišťováno,0,0,0,Mokrý,Neztížené,Přechod pro chodce nebo v jeho blízkosti,"Nezjištěno, řidič ujel",Ne,0,16.6207236820001,49.192216929,1850210.4968959498,6307539.74458821
3753,Srážka s pevnou překážkou,Nepřiměřená rychlost jízdy,Řidičem motorového vozidla,12/20/2018,Čtvrtek,Den,Nezjišťováno,0,0,0,Mokrý,Neztížené,"Most, nadjezd, podjezd, tunel",Osobní automobil,Ano,50000,16.600353689,49.221299382,1847942.919647724,6312495.031340821
3755,Srážka s jedoucím nekolejovým vozidlem,Nesprávný způsob jízdy,Řidičem motorového vozidla,12/20/2018,Čtvrtek,Den,Nezjišťováno,0,0,0,Mokrý,Neztížené,Žádné,"Nezjištěno, řidič ujel",Ne,0,16.6180516810001,49.1974302020001,1849913.0511052299,6308427.8068248825
3756,Srážka s pevnou překážkou,Nesprávný způsob jízdy,Řidičem motorového vozidla,12/20/2018,Čtvrtek,Den,Ne,0,0,0,Mokrý,Neztížené,"Most, nadjezd, podjezd, tunel",Nákladní automobil,Ne,0,16.600353689,49.221299382,1847942.919647724,6312495.031340821
3760,Srážka s pevnou překážkou,Nesprávný způsob jízdy,Řidičem motorového vozidla,12/20/2018,Čtvrtek,Noc,Pod vlivem alkoholu,0,0,0,Mokrý,Sněžení,"Most, nadjezd, podjezd, tunel",Osobní automobil,Ne,30000,16.619973681,49.1944570460001,1850127.0071665323,6307921.328964816
3763,"Srážka s vozidlem zaparkovaným, odstaveným",Nesprávný způsob jízdy,Řidičem motorového vozidla,11/14/2018,Středa,Noc,Nezjišťováno,0,0,0,"Suchý, neznečištěný",Neztížené,Přechod pro chodce nebo v jeho blízkosti,"Nezjištěno, řidič ujel",Ne,0,16.604410688,49.194975077,1848394.5427105527,6308009.573483774
3764,Srážka s jedoucím nekolejovým vozidlem,Nesprávný způsob jízdy,Řidičem motorového vozidla,12/21/2018,Pátek,Den,Ne,0,0,1,Mokrý,Neztížené,Žádné,Osobní automobil,Ne,30000,16.628417685,49.2217694030001,1851066.98939207,6312575.140988488
3765,"Srážka s vozidlem zaparkovaným, odstaveným",Nesprávný způsob jízdy,Řidičem motorového vozidla,12/21/2018,Pátek,Den,Nezjišťováno,0,0,0,Mokrý,Neztížené,Přechod pro chodce nebo v jeho blízkosti,Nákladní automobil,Ne,0,16.6023316800001,49.209405804,1848163.108598643,6310468.161934341
3770,Srážka s jedoucím nekolejovým vozidlem,Nedání přednosti v jizdě,Řidičem motorového vozidla,12/22/2018,Sobota,Den,Ne,0,0,0,Mokrý,Neztížené,Přechod pro chodce nebo v jeho blízkosti,Osobní automobil,Ne,50000,16.604492684,49.207777724,1848403.6704635203,6310190.747160114
3774,Srážka s jedoucím nekolejovým vozidlem,Nesprávný způsob jízdy,Řidičem motorového vozidla,12/23/2018,Neděle,Den,Ne,0,0,1,"Suchý, neznečištěný",Neztížené,Žádné,Osobní automobil,Ne,20000,16.6058086790001,49.2145860580001,1848550.16635681,6311350.905995703
3775,Srážka s chodcem,Nesprávný způsob jízdy,Řidičem motorového vozidla,12/23/2018,Neděle,Den,Nezjišťováno,0,0,1,Mokrý,Déšť,Přechod pro chodce nebo v jeho blízkosti,"Nezjištěno, řidič ujel",Ne,0,16.623594677,49.2238095010001,1850530.0945974162,6312922.860947239
3777,Srážka s jedoucím nekolejovým vozidlem,Nesprávný způsob jízdy,Řidičem motorového vozidla,12/23/2018,Neděle,Den,Ne,0,0,1,Mokrý,Slabý déšť,Žádné,Osobní automobil,Ne,110000,16.6262116880001,49.2050745870001,1850821.418929341,6309730.169488031
3781,"Srážka s vozidlem zaparkovaným, odstaveným",Nesprávný způsob jízdy,Řidičem motorového vozidla,12/26/2018,Středa,Den,Nezjišťováno,0,0,0,"Suchý, neznečištěný",Neztížené,Žádné,"Nezjištěno, řidič ujel",Ne,0,16.6692226800001,49.203191496,1855609.3806572952,6309409.331347604
3782,"Srážka s vozidlem zaparkovaným, odstaveným",Nesprávný způsob jízdy,Řidičem motorového vozidla,12/26/2018,Středa,Noc,Nezjišťováno,0,0,0,"Suchý, neznečištěný",Neztížené,Žádné,"Nezjištěno, řidič ujel",Ne,0,16.6262786820001,49.2030484900001,1850828.8766673082,6309384.966705028
3784,Srážka s pevnou překážkou,Nesprávný způsob jízdy,Řidičem motorového vozidla,12/27/2018,Čtvrtek,Den,Ne,0,0,0,"Suchý, neznečištěný",Neztížené,Žádné,Nákladní automobil,Ne,0,16.595431687,49.2234384770001,1847395.0048914005,6312859.621520145
3785,"Srážka s vozidlem zaparkovaným, odstaveným",Nesprávný způsob jízdy,Řidičem motorového vozidla,12/27/2018,Čtvrtek,Noc,Nezjišťováno,0,0,0,"Suchý, neznečištěný",Neztížené,Přechod pro chodce nebo v jeho blízkosti,"Nezjištěno, řidič ujel",Ne,0,16.600428677,49.206026638,1847951.2672736987,6309892.383119367
3786,"Srážka s vozidlem zaparkovaným, odstaveným",Nesprávný způsob jízdy,Řidičem motorového vozidla,12/28/2018,Pátek,Noc,Nezjišťováno,0,0,0,Mokrý,Neztížené,Přechod pro chodce nebo v jeho blízkosti,"Nezjištěno, řidič ujel",Ne,0,16.6047146810001,49.210048837,1848428.3830565223,6310577.733301703
3790,Srážka s pevnou překážkou,Nesprávný způsob jízdy,Řidičem motorového vozidla,12/29/2018,Sobota,Den,Ne,0,0,0,"Suchý, neznečištěný",Neztížené,Žádné,Osobní automobil,Ne,0,16.620660679,49.1915789000001,1850203.4834340673,6307431.065079111
3793,"Srážka s vozidlem zaparkovaným, odstaveným",Nesprávný způsob jízdy,Řidičem motorového vozidla,12/31/2018,Pondělí,Noc,Nezjišťováno,0,0,0,"Suchý, neznečištěný",Neztížené,Přechod pro chodce nebo v jeho blízkosti,"Nezjištěno, řidič ujel",Ne,0,16.646948679,49.1960051240001,1853129.8502080436,6308185.04063614
3794,"Srážka s vozidlem zaparkovaným, odstaveným",Nesprávný způsob jízdy,Řidičem motorového vozidla,12/31/2018,Pondělí,Noc,Nezjišťováno,0,0,0,"Suchý, neznečištěný",Neztížené,Žádné,Nákladní automobil,Ne,0,16.6068826760001,49.2122079440001,1848669.7231559625,6310945.650672874
3795,Srážka s jedoucím nekolejovým vozidlem,Nesprávný způsob jízdy,Řidičem nemotorového vozidla,12/31/2018,Pondělí,Den,Nezjišťováno,0,0,0,"Suchý, neznečištěný",Neztížené,Přechod pro chodce nebo v jeho blízkosti,"Nezjištěno, řidič ujel",Ne,0,16.609681682,49.210002838,1848981.307078607,6310569.895128917
4142,Srážka s jedoucím nekolejovým vozidlem,Nepřiměřená rychlost jízdy,Řidičem motorového vozidla,4/12/2018,Čtvrtek,Den,Nezjišťováno,0,0,1,"Suchý, neznečištěný",Neztížené,Žádné,Osobní automobil,Ne,0,16.5994109980001,49.226964421,1847837.979765631,6313460.622525514
4407,Srážka s jedoucím nekolejovým vozidlem,Nesprávný způsob jízdy,Řidičem nemotorového vozidla,6/18/2018,Pondělí,Den,Nezjišťováno,0,0,1,"Suchý, neznečištěný",Neztížené,Žádné,"Nezjištěno, řidič ujel",Ne,0,16.6868836840001,49.2244455250001,1857575.3946294724,6313031.2695764145
4775,"Srážka s vozidlem zaparkovaným, odstaveným",Nesprávný způsob jízdy,Řidičem motorového vozidla,9/10/2018,Pondělí,Den,Nezjišťováno,0,0,0,"Suchý, neznečištěný",Neztížené,Žádné,Osobní automobil,Ne,25000,16.7191796830001,49.1917089070001,1861170.5687928107,6307453.209878789